moisture,temperature,ec,ph,nitrogen,phosphorus,potassium,suitable
4.44,11.72,4113.95,8.42,14.19,12.39,16.88,0
73.36,34.3,313.43,4.2,114.43,7.96,233.65,0
41.46,19.64,851.54,6.58,78.86,20.43,158.27,1
82.74,10.39,241.91,4.31,17.25,38.81,92.59,0
37.84,23.36,1216.4,7.09,56.51,22.38,185.9,1
0.0,43.18,122.03,8.91,124.38,43.34,40.45,0
34.48,29.1,1186.35,6.33,76.02,22.9,163.86,1
75.97,38.69,3294.7,4.32,14.93,6.74,39.57,0
25.84,26.45,1241.79,6.83,57.34,18.1,166.86,1
36.91,26.21,1621.1,5.93,74.06,24.94,189.48,1
26.42,25.75,1043.24,6.79,62.57,20.89,159.67,1
12.56,9.03,4186.0,4.5,12.8,47.4,72.05,0
62.69,12.04,3335.31,5.0,103.59,35.85,75.44,0
44.57,30.36,695.06,6.97,58.18,17.27,116.81,1
34.38,21.84,1242.41,7.04,61.19,17.6,176.57,1
55.91,27.01,1411.88,5.9,69.86,21.03,157.89,1
14.36,15.52,4683.88,4.7,136.73,8.15,275.55,0
27.76,27.11,1365.6,6.15,71.84,20.15,142.86,1
46.11,30.23,962.3,7.05,80.86,18.49,164.57,1
41.8,28.3,2405.82,6.73,83.63,22.39,169.77,1
31.93,21.25,1299.51,6.16,69.52,18.66,133.17,1
42.5,24.85,1576.69,6.53,57.07,18.21,170.19,1
56.72,32.95,1659.03,6.83,70.18,21.11,175.72,1
6.86,11.66,3232.6,4.34,104.78,10.75,226.93,0
52.91,24.12,1170.98,6.39,62.75,18.63,176.45,1
37.06,26.99,1250.54,6.8,93.2,21.03,168.52,1
41.04,27.7,1527.87,6.74,82.39,17.41,163.06,1
43.12,30.48,1400.43,6.92,61.97,17.83,151.82,1
59.56,43.54,153.55,4.09,138.97,39.41,344.43,0
68.31,15.49,236.31,8.82,0.0,10.85,56.89,0
77.02,9.59,279.17,4.62,19.91,38.3,282.22,0
40.42,24.85,1319.61,5.92,53.11,18.2,156.8,1
25.74,32.0,1159.3,6.5,61.81,19.88,179.07,1
45.4,26.12,1370.51,6.78,65.19,20.56,160.19,1
75.54,10.58,2886.12,5.22,149.53,31.07,258.97,0
3.37,13.03,2305.92,9.24,133.79,31.25,44.61,0
39.2,30.83,771.67,6.26,70.06,20.12,153.25,1
44.36,21.71,1410.65,6.92,88.5,17.93,155.44,1
50.86,26.9,1603.79,6.53,94.73,24.39,156.27,1
14.86,40.93,4346.74,8.07,134.0,32.89,211.86,0
59.77,15.62,1760.09,7.95,24.88,27.11,304.64,0
73.93,35.13,83.97,7.89,20.42,36.45,258.11,0
76.92,16.79,3877.46,4.83,10.44,7.32,58.81,0
41.45,30.19,1446.09,6.15,69.96,25.94,175.22,1
32.74,25.83,987.31,5.95,81.11,24.77,139.02,1
70.42,10.12,3038.58,8.91,25.67,31.55,72.36,0
27.37,32.96,1329.79,6.41,71.66,21.91,160.16,1
87.42,10.19,438.99,8.4,14.4,35.72,272.43,0
39.16,26.9,1071.65,6.74,66.18,19.2,168.15,1
47.24,29.55,1152.19,6.98,65.1,14.9,144.88,1
47.36,23.55,775.92,6.51,67.13,22.06,173.39,1
40.67,21.32,1593.13,6.64,65.02,21.58,194.06,1
36.59,27.91,922.58,6.17,88.12,21.01,154.79,1
45.8,25.56,956.37,6.32,74.53,21.89,146.17,1
49.7,30.03,760.33,6.61,57.3,18.72,162.56,1
45.85,28.79,1233.32,6.61,56.49,26.11,161.94,1
80.9,10.19,3091.03,8.26,45.39,29.48,34.7,0
39.54,29.33,1502.16,6.48,64.68,20.21,157.14,1
42.19,30.14,1040.54,6.14,61.35,20.2,137.73,1
55.94,20.8,1282.96,6.95,63.06,17.72,146.94,1
28.72,24.51,1588.67,7.4,63.12,22.72,154.08,1
47.28,23.0,1978.95,7.28,63.23,11.08,154.65,1
76.1,43.33,67.35,3.41,8.71,11.03,314.48,0
44.36,27.32,1325.83,7.16,57.91,18.36,145.94,1
42.28,22.12,1527.21,6.43,63.73,22.62,149.43,1
30.14,29.15,826.09,7.0,43.96,15.62,151.83,1
36.19,27.9,1238.71,6.94,71.37,20.38,154.55,1
9.72,42.47,79.98,9.05,31.51,34.45,290.24,0
46.88,36.16,1185.29,6.37,83.72,18.95,181.82,1
10.74,36.81,3845.85,4.03,2.45,9.82,238.05,0
10.9,14.3,270.78,4.99,125.48,11.85,80.85,0
49.48,30.1,1293.48,6.35,71.24,18.66,130.71,1
66.81,13.85,191.96,3.14,15.38,16.23,337.77,0
26.67,24.22,1563.06,6.85,73.4,16.63,168.78,1
85.65,37.4,31.82,8.35,9.96,9.38,231.7,0
12.82,18.93,3543.46,4.58,18.72,30.02,72.88,0
37.39,22.39,1488.77,6.92,74.12,19.06,149.42,1
35.07,31.92,1788.76,6.25,65.35,20.71,165.02,1
34.05,26.87,725.44,6.0,80.61,17.62,147.39,1
9.96,12.67,203.59,8.7,26.38,11.33,300.1,0
14.29,38.52,4753.85,4.67,124.34,46.96,327.46,0
38.35,27.11,1372.55,6.43,65.14,19.09,162.62,1
48.37,21.17,1082.32,6.65,88.79,19.84,151.67,1
19.41,37.83,3695.04,4.22,22.43,20.23,45.83,0
79.03,39.67,311.73,8.85,27.23,36.57,345.52,0
50.51,26.36,820.77,6.55,61.83,22.1,150.21,1
74.75,9.19,41.61,4.63,17.37,35.38,315.09,0
47.16,26.82,834.39,6.06,81.03,21.38,161.53,1
38.08,32.46,1664.94,5.89,80.33,23.16,168.39,1
54.81,25.78,1896.77,6.97,68.79,23.75,185.28,1
36.78,25.46,1899.1,5.88,82.65,24.18,156.94,1
36.06,26.21,856.63,6.98,64.12,27.74,157.37,1
6.2,10.89,188.93,7.89,5.36,9.04,110.04,0
29.2,20.78,1078.17,6.82,72.15,21.33,141.19,1
35.62,27.89,1398.21,6.6,63.4,18.32,159.62,1
73.43,15.19,288.47,3.94,152.15,5.88,283.07,0
31.02,25.93,906.45,6.74,71.38,18.14,140.43,1
87.06,39.64,3371.03,8.4,7.63,7.43,310.88,0
40.98,28.08,1209.93,6.93,44.79,27.34,146.93,1
86.08,8.88,3721.26,4.17,133.01,9.09,262.04,0
40.47,27.13,1475.52,6.84,91.78,17.52,153.4,1
45.62,25.11,1171.41,6.3,73.63,18.04,173.52,1
39.03,29.26,1132.57,5.91,59.21,16.65,177.47,1
48.2,33.6,1512.45,5.64,82.76,25.62,155.45,1
39.76,28.08,935.3,6.5,89.45,21.56,160.88,1
28.59,27.1,525.06,6.29,89.49,20.81,162.69,1
52.75,29.71,1202.08,6.03,88.37,19.76,138.86,1
11.95,9.03,4283.11,5.26,131.26,8.32,83.72,0
9.9,10.62,247.2,9.63,116.74,26.35,310.06,0
65.87,36.69,143.22,3.91,19.2,47.99,26.84,0
42.2,26.49,1374.36,6.19,52.77,15.22,174.65,1
47.73,28.49,1738.52,6.35,67.56,18.55,144.78,1
7.07,43.86,2255.28,8.94,105.33,30.77,296.76,0
5.88,13.62,2548.19,5.29,0.0,4.72,81.63,0
56.24,27.88,1307.61,6.38,71.6,19.62,170.62,1
64.29,9.33,2031.04,8.6,19.04,48.52,107.33,0
39.31,32.71,1328.08,6.36,64.6,18.63,174.72,1
69.56,12.15,127.78,8.91,127.69,27.06,83.77,0
43.55,26.69,709.28,6.24,35.34,20.73,164.25,1
6.03,44.58,0.0,4.47,117.73,42.5,218.63,0
46.39,28.15,1469.03,6.33,85.92,16.82,180.18,1
30.78,26.24,1375.46,6.46,63.19,19.03,180.54,1
37.31,23.02,1423.82,5.89,82.4,21.04,176.14,1
3.06,15.59,3943.07,8.28,150.52,5.99,273.33,0
55.1,24.38,1472.63,6.62,85.62,23.9,160.48,1
6.23,17.17,322.78,8.19,135.65,5.88,42.06,0
34.7,23.49,985.86,6.88,69.37,18.05,154.44,1
39.74,22.95,1262.3,6.83,57.12,20.91,147.56,1
53.34,39.11,172.32,5.07,104.13,8.7,27.58,0
1.41,10.05,253.64,4.86,28.52,2.72,255.1,0
43.35,28.59,1480.86,6.36,77.32,20.61,157.04,1
47.7,23.5,1379.94,6.97,58.16,23.72,184.58,1
58.38,27.59,1345.8,6.81,83.47,21.59,167.13,1
32.5,26.52,1719.12,6.0,61.87,21.68,165.91,1
5.62,40.72,116.42,9.27,129.6,30.0,80.7,0
86.16,10.05,150.62,4.4,27.82,41.18,239.03,0
52.98,28.41,966.98,6.62,53.48,21.79,185.13,1
43.0,27.19,1126.57,6.71,61.7,14.44,119.29,1
34.4,29.68,1678.41,6.54,71.75,18.84,154.81,1
9.73,9.07,2945.87,8.1,15.2,34.89,86.33,0
27.66,22.91,1324.12,6.53,78.43,20.24,158.36,1
82.94,8.24,93.6,4.67,36.29,11.45,295.18,0
19.06,38.21,4806.12,8.51,12.72,7.93,285.14,0
47.46,21.44,1278.5,6.36,76.14,20.79,159.52,1
46.18,26.23,1195.86,7.78,73.59,18.12,153.6,1
48.04,20.09,1310.2,6.65,86.42,22.97,168.05,1
83.53,32.68,283.38,5.77,138.47,5.42,66.63,0
42.73,23.8,1099.37,6.72,73.52,19.81,141.12,1
32.94,27.5,1121.35,5.97,83.0,21.84,151.5,1
28.63,27.07,1070.49,7.16,72.99,21.05,166.71,1
31.5,32.04,1404.05,6.67,74.59,18.78,164.46,1
12.35,10.47,286.78,4.0,158.88,10.17,309.86,0
33.24,27.03,738.54,5.59,71.69,22.75,163.79,1
69.65,41.55,130.36,9.0,40.57,10.42,243.57,0
58.0,13.58,277.92,5.26,154.77,35.66,48.32,0
16.97,15.49,4280.16,8.24,22.41,27.11,344.49,0
49.2,31.41,1582.72,6.35,63.97,17.76,146.04,1
46.35,25.75,1491.97,6.58,67.78,16.02,138.78,1
21.85,17.69,815.02,7.49,61.56,22.9,161.82,1
11.49,15.25,2425.68,4.42,28.5,8.31,58.4,0
56.42,13.03,41.88,8.71,117.7,10.46,6.2,0
46.44,26.9,747.67,6.14,63.68,23.76,179.95,1
49.29,26.69,2014.05,6.38,66.19,23.33,171.43,1
43.91,29.71,514.28,7.12,67.77,18.08,157.38,1
29.6,25.91,1055.69,6.38,83.0,20.2,147.93,1
30.13,28.13,971.31,5.64,87.95,21.14,158.83,1
37.58,22.07,1263.28,6.34,71.55,20.57,128.26,1
12.18,46.46,4426.49,5.45,20.28,34.12,56.29,0
90.99,12.14,190.66,4.56,18.93,7.95,99.32,0
47.44,24.86,991.98,6.72,94.4,20.21,169.52,1
36.44,27.53,895.1,6.29,76.78,21.78,172.83,1
15.33,34.9,4108.62,4.63,129.02,6.91,358.72,0
39.13,22.4,1245.96,6.66,73.06,22.61,138.28,1
5.79,16.12,267.44,4.33,126.05,7.55,40.14,0
47.02,29.03,991.29,7.4,75.52,22.71,167.35,1
92.26,14.86,320.93,4.71,24.67,43.56,252.15,0
35.27,25.99,1012.27,6.38,47.28,20.53,160.02,1
34.28,25.87,1274.75,6.44,61.49,17.5,148.55,1
14.15,15.45,207.89,4.3,133.68,45.31,311.29,0
64.84,8.53,130.45,8.3,10.36,35.12,288.36,0
33.99,30.44,1168.11,6.19,78.74,18.78,175.41,1
35.35,29.48,1208.79,6.66,68.76,20.66,151.26,1
50.98,21.85,1406.67,6.17,72.3,20.17,144.17,1
81.16,15.61,103.0,4.51,11.66,36.76,26.85,0
43.38,29.43,1642.06,6.76,79.07,19.75,153.49,1
42.61,24.44,1146.98,7.29,60.3,20.39,161.7,1
37.82,27.3,1693.97,6.62,62.38,20.73,157.25,1
41.24,26.79,1447.71,6.39,80.97,17.63,181.18,1
36.14,23.47,1034.23,6.19,71.63,16.19,139.7,1
0.56,46.2,5035.2,4.99,145.37,8.52,36.64,0
9.48,38.23,3541.3,8.81,123.65,6.62,265.22,0
43.07,22.89,1622.96,6.14,61.53,20.16,176.72,1
47.8,21.0,1245.3,6.46,63.47,22.59,148.21,1
76.85,18.56,2254.59,3.79,11.61,37.97,292.4,0
40.34,27.66,1122.87,5.85,61.4,20.39,162.44,1
10.21,44.2,168.22,9.24,159.68,44.1,304.74,0
38.55,26.71,853.02,6.26,79.13,18.61,138.15,1
39.95,28.65,379.54,7.3,61.23,20.6,134.43,1
37.04,20.06,1733.05,6.18,78.95,17.29,170.63,1
43.44,32.46,702.67,6.2,67.82,20.43,173.19,1
38.93,31.47,1089.59,5.93,72.56,17.85,144.55,1
40.65,25.39,828.27,6.13,68.69,22.58,150.21,1
48.49,16.26,1624.34,6.43,77.99,24.17,196.52,1
38.79,24.57,990.07,6.76,81.94,19.59,176.6,1
33.65,31.69,1105.68,6.84,72.84,18.57,171.01,1
8.21,10.21,164.65,5.4,21.33,22.98,36.89,0
100.0,41.79,308.19,8.61,26.66,31.32,86.46,0
26.84,28.23,1637.42,5.15,79.53,19.45,163.84,1
37.74,26.69,2127.01,6.62,92.11,14.17,180.25,1
74.52,45.55,242.05,4.26,29.67,41.18,284.07,0
40.49,24.26,949.26,6.06,85.0,16.21,178.27,1
33.92,24.62,737.79,6.05,84.83,19.61,151.78,1
49.71,30.51,894.36,6.71,88.24,18.76,155.59,1
78.44,41.62,4710.88,4.19,100.07,48.65,317.94,0
3.57,39.67,218.57,7.85,28.3,44.52,85.34,0
57.67,25.75,1333.04,7.17,78.7,17.84,185.43,1
80.14,45.84,113.56,4.63,37.5,11.66,68.98,0
56.23,43.99,2594.87,4.75,29.17,40.45,50.16,0
27.98,27.5,1493.1,6.39,83.28,21.6,192.12,1
68.94,17.16,211.36,3.61,129.72,5.93,37.46,0
32.87,26.65,948.83,6.84,81.49,19.48,179.02,1
53.09,19.55,1507.24,6.15,64.09,21.42,168.42,1
44.24,21.56,1015.84,6.2,56.9,18.81,175.5,1
41.99,27.26,1097.04,5.67,67.45,19.91,154.49,1
27.15,23.82,1693.3,5.4,65.0,21.55,166.16,1
35.27,29.87,631.6,6.72,88.87,18.55,176.78,1
19.17,8.94,4459.07,4.11,40.88,9.1,86.38,0
32.57,28.42,1915.76,6.6,59.0,19.16,148.16,1
5.02,44.44,0.0,5.01,46.21,27.47,91.11,0
37.58,25.54,1329.89,5.78,85.98,20.11,153.77,1
92.58,39.83,205.8,8.75,137.21,8.1,47.7,0
68.76,11.45,60.28,9.06,125.97,7.98,45.52,0
12.07,14.32,352.62,3.95,24.63,3.6,343.57,0
41.79,23.04,1529.97,6.25,57.9,18.1,149.69,1
40.11,29.66,977.67,7.11,76.13,22.58,150.13,1
45.98,26.84,1234.15,5.93,83.26,17.96,150.86,1
43.24,21.72,1504.45,6.01,76.63,21.56,149.55,1
65.51,39.24,3779.72,3.72,143.41,29.64,298.77,0
29.25,35.07,897.11,6.07,56.08,19.26,176.49,1
69.72,42.52,2612.8,5.51,100.5,13.31,101.29,0
38.55,28.46,808.76,6.56,83.42,21.37,170.38,1
17.99,10.48,265.24,5.04,12.51,24.43,115.91,0
49.32,33.17,1111.05,6.6,78.61,22.96,164.5,1
41.2,25.45,1308.26,6.17,65.44,20.44,162.46,1
39.26,29.34,926.64,6.52,100.75,23.03,152.45,1
38.22,25.39,1456.48,6.09,89.51,23.52,154.69,1
33.95,32.23,948.26,6.37,77.88,23.59,163.86,1
39.33,22.05,1216.52,6.19,74.0,20.05,168.15,1
3.91,38.48,233.21,8.79,128.48,4.35,60.45,0
15.18,42.52,0.0,9.26,106.31,51.85,50.17,0
9.69,46.25,172.6,5.17,137.88,46.82,30.81,0
8.9,46.24,403.5,4.0,11.23,9.45,291.85,0
11.88,37.14,173.83,4.79,147.29,12.56,273.07,0
44.25,24.4,917.0,7.46,72.66,20.05,173.3,1
25.41,32.54,1163.77,6.61,69.45,18.94,151.45,1
42.31,23.65,1086.12,6.99,64.15,23.57,150.78,1
6.35,40.86,136.0,9.28,12.81,25.14,287.83,0
32.33,28.41,1512.05,5.9,71.93,26.33,170.16,1
8.77,43.5,2968.62,4.94,136.58,40.12,260.11,0
35.51,26.8,352.66,6.43,50.43,23.01,171.66,1
46.06,27.08,1419.83,6.78,77.63,17.21,134.39,1
29.12,30.47,918.11,6.17,62.7,18.68,144.15,1
41.61,32.49,1231.2,5.76,79.36,15.94,141.86,1
84.11,12.32,218.85,9.2,0.0,8.28,43.99,0
35.24,29.96,1345.43,6.67,66.13,21.69,171.86,1
36.78,21.16,1040.64,6.8,70.28,18.83,143.85,1
41.55,27.46,1382.96,6.3,75.04,20.2,150.53,1
7.8,10.65,222.94,4.1,14.67,6.47,32.66,0
40.41,28.06,1147.24,6.57,58.45,19.48,169.15,1
41.1,25.74,1060.91,5.63,83.73,21.01,166.41,1
30.4,24.02,1163.44,6.19,90.82,17.86,151.67,1
71.23,40.4,2288.42,4.66,15.03,32.83,250.68,0
52.73,27.56,1475.85,6.34,66.81,20.01,183.68,1
42.14,20.86,1399.82,6.39,74.06,19.37,178.76,1
41.58,22.77,1607.95,6.21,62.02,20.68,164.53,1
37.83,23.11,999.86,7.37,67.86,16.59,133.46,1
6.88,5.0,2101.0,5.49,17.75,38.93,51.05,0
75.73,10.77,304.51,8.44,20.16,4.94,254.79,0
40.49,24.86,1079.9,6.05,59.7,16.4,172.86,1
62.48,5.0,3375.17,7.91,25.28,29.44,270.24,0
9.52,42.98,3239.53,4.13,5.33,37.84,327.29,0
34.15,26.75,1233.51,6.31,57.59,20.03,153.05,1
32.76,34.43,1284.91,5.83,45.22,23.85,176.59,1
39.15,26.63,749.0,6.29,76.67,26.07,157.06,1
28.36,28.43,917.58,6.76,77.65,20.71,197.45,1
7.4,43.58,268.37,8.85,27.61,11.22,230.62,0
74.77,13.3,5029.14,9.39,22.19,45.25,394.74,0
42.63,27.59,1289.93,6.45,50.89,22.19,165.61,1
47.71,29.45,1007.21,6.18,65.5,18.59,158.93,1
39.42,15.34,1454.79,6.37,53.82,22.31,169.55,1
80.84,40.1,169.95,4.96,121.27,0.78,66.87,0
14.89,41.09,305.72,8.11,150.71,10.46,363.44,0
77.8,7.49,4237.13,9.09,42.78,34.98,45.27,0
28.74,32.06,1422.22,7.06,53.89,16.59,157.77,1
25.82,29.33,1137.75,6.44,79.19,22.53,178.36,1
4.13,16.77,0.0,4.01,131.57,1.61,41.95,0
35.2,27.58,1240.88,6.18,96.62,17.57,126.36,1
35.45,27.94,1094.02,6.3,72.18,15.73,147.42,1
36.48,26.88,1124.65,6.1,78.27,19.7,153.89,1
69.86,9.55,3730.29,4.11,16.76,46.91,239.65,0
43.44,28.49,1308.64,6.46,75.23,13.67,170.23,1
40.88,31.33,1224.99,6.26,80.13,19.56,143.95,1
36.15,25.99,1502.22,6.58,54.49,18.67,150.89,1
39.46,27.64,1612.5,6.96,63.29,23.17,163.19,1
43.27,31.21,1406.68,6.46,97.27,22.22,168.61,1
31.07,31.4,1416.27,5.88,71.59,18.52,163.52,1
37.29,25.05,1106.71,6.0,68.47,18.6,116.06,1
73.02,12.57,475.07,8.8,25.24,42.29,261.82,0
38.47,28.76,1473.5,6.13,75.99,20.4,154.49,1
38.16,24.75,961.34,6.7,68.09,18.95,152.94,1
50.15,25.27,1267.58,6.52,75.89,16.79,159.44,1
80.07,7.79,167.66,5.09,107.68,6.51,309.8,0
7.01,14.81,243.48,8.89,0.0,35.83,345.17,0
91.31,35.3,4346.29,5.07,27.43,47.76,213.21,0
46.16,22.73,1662.95,6.63,78.24,23.67,143.33,1
9.82,7.58,2027.94,8.36,112.18,27.89,318.34,0
64.44,11.95,3853.66,5.11,122.33,6.79,344.08,0
51.76,26.75,861.95,6.22,58.98,23.1,154.06,1
16.68,8.91,2316.44,8.54,122.72,33.73,39.4,0
8.04,36.84,3608.94,8.59,28.66,32.73,299.42,0
75.47,10.06,149.86,8.52,17.64,29.05,22.3,0
45.61,24.41,1304.5,6.2,105.05,17.72,149.49,1
46.18,25.12,1204.44,6.04,78.62,18.0,144.1,1
73.91,43.1,4053.7,8.94,32.65,49.45,73.48,0
10.46,39.55,4171.57,7.3,10.22,31.61,83.33,0
14.55,9.25,3778.07,4.51,132.16,11.04,240.55,0
38.73,26.13,1548.67,7.18,50.34,15.53,150.67,1
44.08,23.02,1798.18,5.84,66.57,20.21,184.77,1
73.78,15.34,59.09,9.94,140.43,9.78,309.62,0
9.58,16.37,3635.14,5.13,28.7,11.42,281.39,0
39.93,27.54,1324.48,5.85,73.46,18.59,138.68,1
36.38,30.01,1100.73,6.19,60.88,15.57,167.07,1
46.44,25.45,1245.22,6.87,61.33,19.22,144.16,1
79.64,10.35,299.08,9.35,135.14,32.42,53.98,0
33.76,33.98,870.89,6.13,77.37,23.14,156.99,1
52.23,23.18,1176.94,6.12,62.4,21.66,149.81,1
34.23,29.66,1568.04,6.51,92.6,20.08,179.38,1
23.67,18.18,1437.18,7.02,60.59,25.25,184.94,1
41.47,28.15,1315.5,6.6,85.4,21.35,163.25,1
43.76,29.74,778.99,6.63,75.53,19.82,171.76,1
53.45,29.14,2001.39,6.82,81.73,19.68,139.22,1
42.33,18.29,855.45,6.35,61.34,19.63,176.69,1
41.67,24.04,1178.82,6.59,53.12,20.54,138.53,1
85.82,10.88,2734.98,4.83,121.05,36.26,80.16,0
86.92,20.03,175.97,8.44,19.36,38.86,46.47,0
43.2,31.1,1418.0,5.69,65.57,19.9,157.62,1
35.68,34.41,1046.51,7.34,66.93,19.15,156.29,1
36.73,26.45,996.77,6.4,41.62,21.78,178.41,1
75.42,38.61,1299.19,8.88,138.34,40.37,311.34,0
43.1,30.87,850.17,6.36,60.73,20.95,178.45,1
74.13,13.37,253.76,4.89,23.14,29.18,57.68,0
40.94,27.34,924.01,6.14,58.63,21.51,161.06,1
33.73,26.95,1197.09,6.47,86.45,22.58,175.18,1
33.01,27.27,1359.69,6.25,63.43,17.48,153.27,1
59.14,34.35,4168.98,9.46,145.07,39.41,219.4,0
34.39,26.4,1086.17,6.74,67.21,20.07,155.95,1
33.96,26.39,1255.41,6.69,53.6,21.48,119.43,1
67.85,38.33,2712.01,4.6,153.55,33.2,366.8,0
30.03,30.74,785.46,6.38,74.95,20.47,175.91,1
41.02,20.11,1387.25,6.84,58.99,18.39,148.79,1
65.5,40.82,276.59,8.6,137.22,34.17,322.67,0
89.62,13.35,77.23,8.94,133.79,42.28,23.38,0
51.34,20.83,1152.28,6.97,67.69,21.0,166.56,1
76.41,15.42,1186.53,8.41,7.5,30.28,215.08,0
16.76,7.68,3350.49,4.65,114.45,34.74,310.0,0
60.76,8.53,4344.95,7.95,26.36,7.15,39.42,0
41.79,28.19,1651.41,6.65,68.43,22.76,124.64,1
36.4,24.7,1323.06,6.48,83.53,20.22,148.8,1
38.25,27.62,1316.93,7.0,47.66,20.28,177.19,1
72.03,39.22,132.89,4.47,16.69,6.47,76.34,0
32.24,20.18,1139.17,6.11,71.86,23.08,189.6,1
46.27,26.57,1230.18,7.1,81.67,20.29,157.01,1
81.88,16.92,214.94,5.17,128.36,11.27,70.75,0
35.86,25.38,1257.43,6.36,50.29,22.73,173.55,1
42.27,20.19,532.41,6.84,69.93,22.95,139.4,1
43.64,27.03,1829.58,7.01,62.68,19.01,143.04,1
71.53,12.53,307.32,8.13,173.92,10.92,287.95,0
32.24,32.08,1132.24,6.26,89.67,21.53,163.86,1
33.2,33.36,1293.13,6.31,81.08,18.64,148.57,1
8.21,7.28,4775.96,7.74,15.53,10.28,279.92,0
34.23,28.89,1208.28,6.98,64.69,19.15,151.5,1
32.16,22.81,1287.88,6.11,60.49,18.94,139.52,1
35.9,22.16,1338.09,6.47,56.35,17.77,182.99,1
40.23,25.07,1551.78,6.05,83.53,20.39,154.95,1
1.39,11.5,4220.43,4.58,24.22,13.37,321.0,0
39.67,24.94,1371.72,6.42,74.14,17.88,158.84,1
35.51,25.07,699.95,6.3,59.62,16.26,173.7,1
33.23,33.58,1249.83,6.27,60.64,22.2,150.82,1
45.3,19.86,1247.73,6.31,50.5,20.48,146.6,1
54.44,27.55,1375.09,6.41,57.4,19.54,171.57,1
16.53,38.38,138.32,4.29,144.31,23.82,90.55,0
38.73,29.17,1403.4,7.03,85.85,20.88,146.92,1
39.12,29.46,1215.43,6.35,76.49,22.19,149.97,1
39.57,29.22,1233.16,5.94,82.49,18.13,160.65,1
37.54,18.74,1660.91,6.07,85.06,22.36,146.49,1
4.34,12.33,128.33,8.7,120.67,3.46,73.31,0
72.67,32.25,4891.56,7.86,23.35,44.2,67.41,0
40.45,22.45,850.06,5.88,77.94,22.97,187.74,1
32.6,28.7,989.22,6.36,74.6,17.99,142.8,1
78.23,44.27,4010.18,4.72,106.11,29.4,77.04,0
9.94,35.05,267.55,4.97,126.83,11.76,226.99,0
43.81,27.03,1364.09,6.13,62.91,18.57,155.85,1
9.11,36.29,85.64,8.55,15.12,29.96,85.85,0
62.61,41.02,3079.48,4.87,122.18,12.57,286.48,0
40.93,26.1,984.09,6.84,68.47,19.41,163.49,1
45.05,29.55,960.15,6.47,66.39,17.49,165.4,1
44.89,22.24,1738.68,5.86,67.07,21.09,149.7,1
34.1,31.58,1254.24,6.26,66.41,22.02,151.23,1
68.37,13.42,143.36,4.7,132.73,19.53,85.54,0
10.0,13.64,3229.57,8.34,146.73,32.97,61.78,0
66.61,14.69,173.44,4.58,73.25,10.5,101.68,0
31.91,25.03,1010.31,5.71,71.56,18.21,182.58,1
68.47,42.09,3555.63,5.45,14.07,22.07,274.39,0
48.85,28.96,1896.48,6.37,58.71,20.62,147.97,1
35.16,28.91,1152.96,6.04,72.37,21.0,168.38,1
0.0,32.92,2493.58,8.73,19.8,31.41,315.9,0
47.91,25.08,1286.04,6.18,66.76,17.36,175.98,1
74.44,13.53,2791.47,5.14,107.23,10.87,33.02,0
35.74,28.57,1372.89,6.64,70.98,19.91,195.83,1
48.29,26.63,1167.95,6.58,76.21,14.92,191.69,1
41.47,24.79,1727.8,6.51,55.73,19.88,144.31,1
43.31,22.71,1357.32,6.51,76.68,20.48,150.23,1
12.59,41.61,5122.19,7.98,17.64,5.21,66.27,0
35.86,27.51,972.96,6.04,78.51,21.54,140.39,1
70.88,44.12,279.67,4.57,139.05,1.45,90.06,0
47.53,20.58,956.45,7.6,66.33,21.83,150.24,1
34.87,25.42,984.65,6.29,47.3,19.04,159.22,1
39.05,19.32,1471.75,6.7,69.31,16.51,149.38,1
72.42,37.68,342.73,4.56,138.3,9.38,268.82,0
76.14,40.96,198.65,4.31,17.4,39.96,45.6,0
68.46,36.05,2794.48,9.68,139.59,7.77,304.67,0
10.21,41.66,3489.94,7.82,19.2,6.4,13.87,0
37.79,25.67,1425.24,6.75,61.07,18.96,166.68,1
34.41,23.52,1392.61,6.75,64.31,18.07,184.14,1
35.15,27.39,946.09,5.83,69.94,18.36,156.19,1
81.71,50.0,282.72,4.28,135.36,35.39,4.4,0
14.28,40.39,110.1,8.72,14.99,30.98,34.82,0
33.66,29.89,1391.41,6.35,66.7,19.54,162.82,1
40.02,30.8,1544.8,5.94,77.05,19.49,161.24,1
34.9,22.09,1486.1,6.91,65.16,21.22,153.16,1
45.53,29.89,1348.06,5.94,67.65,22.65,159.23,1
12.52,44.04,78.93,7.97,88.55,5.14,295.58,0
24.46,22.61,862.51,6.61,53.83,18.6,156.25,1
33.5,31.33,1209.92,6.19,93.06,18.36,177.08,1
31.94,21.4,1036.5,6.16,68.01,19.43,144.97,1
42.02,28.96,1342.63,6.22,83.92,21.28,162.98,1
41.23,22.75,1524.16,6.38,87.89,21.47,158.98,1
32.9,24.2,1901.88,6.78,79.46,18.41,160.92,1
21.53,42.92,253.84,8.37,3.87,38.99,17.69,0
45.99,19.24,1243.39,6.95,67.76,21.82,165.27,1
82.41,37.13,3160.89,4.37,0.98,40.22,59.49,0
5.55,33.78,110.3,5.27,160.44,26.45,314.05,0
14.78,8.68,320.46,8.49,164.08,10.11,255.98,0
30.82,23.74,1169.58,5.91,72.69,23.53,178.78,1
45.18,32.21,1328.55,6.82,86.76,17.1,134.06,1
37.71,24.58,1627.03,6.49,63.86,18.07,162.56,1
64.37,5.69,193.04,4.51,131.81,7.21,304.62,0
38.46,27.87,1386.08,5.87,70.6,21.2,170.93,1
36.89,24.55,1439.64,6.25,64.9,22.65,162.87,1
48.39,26.06,1186.58,6.8,73.91,25.69,147.22,1
9.8,44.85,181.59,4.41,11.19,8.7,67.75,0
75.7,8.1,5127.02,8.61,26.67,36.71,11.86,0
69.09,13.65,3996.06,8.6,146.54,23.16,78.11,0
10.99,9.47,3222.24,8.04,144.66,9.33,91.35,0
42.79,23.46,1913.72,6.66,78.12,19.33,148.06,1
41.17,29.13,1446.33,6.89,69.84,18.5,136.62,1
42.17,28.81,1129.73,6.83,63.44,18.31,137.09,1
70.88,9.78,3868.98,9.15,15.33,6.36,294.44,0
1.94,44.45,90.69,4.11,122.67,37.22,93.93,0
49.5,28.59,732.52,6.23,86.71,19.04,131.98,1
40.56,29.16,1458.9,6.61,67.5,19.22,172.87,1
43.87,23.62,1199.05,5.9,65.84,22.43,148.8,1
8.64,41.47,4597.18,8.41,22.23,33.54,64.38,0
43.86,27.7,1723.92,6.33,70.58,17.46,141.82,1
42.27,25.03,1123.01,6.47,80.21,20.36,150.27,1
55.57,32.23,1970.91,6.67,59.16,17.5,180.94,1
87.5,38.68,367.49,8.81,0.0,3.39,89.06,0
8.19,47.43,315.96,8.63,108.08,7.8,273.72,0
52.97,29.14,1496.42,6.07,70.6,19.17,175.66,1
9.09,16.05,2185.49,7.85,133.86,8.31,240.72,0
82.33,13.35,206.23,9.07,25.34,30.97,82.72,0
39.58,21.82,1597.58,6.55,95.45,19.43,113.02,1
50.2,26.13,1739.28,6.55,86.91,25.01,156.94,1
49.2,28.75,1046.84,7.0,80.23,18.4,171.85,1
62.65,43.02,3359.16,4.6,31.4,42.81,286.5,0
74.63,32.15,316.07,4.21,160.31,9.15,41.02,0
30.97,27.55,1497.27,5.84,61.74,20.42,124.79,1
8.91,44.09,3334.13,8.57,15.36,39.27,246.93,0
36.61,29.45,934.63,5.49,67.27,19.65,162.03,1
45.1,25.62,1451.61,6.33,71.33,21.1,153.74,1
31.32,21.24,1026.22,6.24,79.04,18.46,147.15,1
35.72,25.16,1412.52,6.41,62.26,20.83,184.27,1
38.88,35.25,933.31,6.36,55.21,22.38,185.34,1
51.69,24.71,1468.86,7.18,42.23,22.82,169.73,1
79.07,37.94,305.48,4.35,9.54,21.04,289.22,0
26.09,24.36,832.16,6.26,70.49,22.01,157.38,1
65.05,5.03,354.03,4.44,11.16,38.28,53.08,0
72.86,14.91,3561.41,3.81,7.94,34.63,270.8,0
46.79,26.37,1018.58,6.71,61.72,20.28,172.83,1
44.7,30.63,2013.04,6.1,71.57,18.81,172.64,1
41.9,25.72,1103.4,6.01,78.69,22.07,151.48,1
25.93,26.83,972.73,6.9,67.16,20.33,159.98,1
47.87,31.97,1669.23,6.65,63.5,21.22,155.96,1
47.66,24.59,1020.94,6.39,71.25,20.79,126.21,1
5.16,6.05,3151.04,8.18,48.24,9.78,63.07,0
75.57,8.64,249.17,8.82,119.29,5.73,348.44,0
12.62,38.4,3996.75,4.29,19.75,10.88,7.86,0
43.55,26.8,939.16,6.84,74.78,20.99,153.61,1
38.48,27.84,1164.49,6.76,62.47,20.18,135.64,1
70.52,43.76,187.09,4.67,141.59,12.24,403.6,0
41.96,19.59,1454.19,6.52,76.5,20.46,151.61,1
42.05,29.14,1330.92,6.47,76.17,22.97,146.7,1
29.84,26.07,1185.22,6.43,91.96,17.26,155.4,1
34.71,29.54,1273.44,6.64,65.73,18.11,154.56,1
43.49,21.88,1117.97,6.74,79.14,17.04,170.87,1
17.47,42.79,328.96,7.3,22.93,8.89,65.6,0
42.07,25.67,1126.84,7.23,84.13,20.34,125.44,1
37.47,21.98,1348.57,6.62,78.07,18.05,163.9,1
22.95,28.89,1005.57,6.57,55.0,19.34,160.51,1
41.88,24.23,1166.09,7.24,58.64,15.59,164.37,1
83.21,41.48,2537.76,10.0,106.07,2.16,332.37,0
33.49,24.37,1331.68,6.14,54.05,19.4,145.83,1
42.88,32.53,1309.89,6.11,78.37,19.3,140.68,1
40.51,30.78,1169.41,7.1,76.88,21.14,150.28,1
43.56,26.92,1221.9,7.28,64.51,17.72,159.91,1
11.73,7.83,209.3,3.71,7.42,0.51,54.52,0
9.08,43.36,250.57,4.71,134.19,8.26,236.04,0
35.5,28.89,911.46,6.83,71.91,22.48,151.62,1
35.54,19.1,1204.32,7.15,73.85,18.33,176.23,1
42.27,26.89,962.71,6.88,67.1,22.88,148.86,1
29.78,25.99,900.26,6.28,69.89,21.23,153.12,1
44.81,25.17,1119.48,7.08,51.1,19.38,162.13,1
75.22,20.33,3880.22,9.18,21.26,35.02,105.23,0
36.67,26.12,1136.52,6.03,71.68,20.73,141.98,1
41.68,28.2,950.47,7.15,93.9,20.98,183.86,1
36.02,28.25,1476.12,6.88,55.32,20.77,141.45,1
48.07,22.24,1390.39,6.03,56.63,18.42,145.87,1
36.16,21.48,1076.19,5.74,63.42,22.75,157.17,1
43.35,23.49,1903.57,6.58,68.23,22.41,163.74,1
42.79,20.78,1540.38,6.46,66.5,18.62,162.31,1
69.13,37.61,5070.47,8.41,146.35,8.98,284.37,0
32.64,22.47,1223.06,6.51,79.13,21.28,181.88,1
75.09,12.99,4812.83,4.69,28.26,10.41,22.29,0
32.53,22.03,981.37,5.97,86.04,23.87,164.8,1
30.92,24.2,1020.28,6.46,68.37,21.93,160.51,1
42.12,25.93,988.64,6.53,78.86,17.14,161.31,1
13.53,46.45,3779.94,7.46,11.31,26.52,54.83,0
41.71,26.81,1610.7,7.33,78.22,20.3,182.09,1
41.0,21.81,1618.78,6.96,68.85,21.14,156.75,1
88.43,43.82,4207.15,8.43,40.28,37.06,76.42,0
66.29,45.57,128.26,8.51,111.64,20.65,11.51,0
43.21,32.59,1171.97,5.98,52.27,15.81,162.94,1
8.83,13.09,287.67,8.14,147.92,9.41,228.89,0
47.87,11.55,2319.67,8.36,175.84,13.6,366.39,0
26.97,32.63,1236.75,6.72,68.25,26.71,149.72,1
37.54,25.85,1204.27,7.25,52.19,15.57,134.44,1
33.74,26.03,1733.73,6.46,67.48,22.24,151.03,1
12.9,10.11,3943.27,7.97,8.56,38.98,327.05,0
7.15,17.88,2622.05,9.06,14.0,28.8,264.55,0
46.22,32.12,1189.73,6.36,67.13,21.68,155.77,1
9.74,35.84,269.88,4.4,17.71,5.6,31.65,0
42.84,29.86,1588.31,5.72,81.74,17.97,172.85,1
54.52,23.75,1457.19,6.07,68.17,23.86,147.73,1
55.43,30.82,1247.69,6.34,85.67,18.77,138.81,1
40.97,21.08,1088.73,6.95,54.61,21.79,162.67,1
81.91,10.67,3154.36,5.4,127.13,37.01,213.83,0
32.76,29.5,1127.12,6.43,57.81,21.58,157.77,1
7.44,34.0,179.69,4.81,27.61,5.54,292.02,0
38.8,30.34,1357.3,6.53,80.88,20.18,190.87,1
29.93,22.07,1381.6,7.18,69.56,19.99,183.52,1
2.05,37.88,16.64,8.44,16.34,50.45,97.06,0
17.68,38.54,3423.95,4.75,116.45,28.12,69.34,0
38.49,22.94,552.09,6.36,64.11,19.63,150.57,1
80.05,13.58,80.03,4.11,27.21,30.12,32.73,0
37.71,25.42,1119.18,7.0,61.34,24.31,171.28,1
49.86,24.79,1439.65,6.46,82.75,19.77,148.17,1
16.87,12.49,275.34,4.53,44.98,28.18,294.58,0
38.46,28.15,1015.71,5.8,58.94,17.24,169.89,1
47.46,25.6,1630.57,6.7,55.32,23.56,183.27,1
80.9,41.24,3205.1,4.9,140.02,8.03,62.45,0
43.22,23.08,1448.65,6.49,65.18,15.96,161.28,1
17.28,9.29,3509.38,8.32,18.2,9.85,73.92,0
76.22,14.68,4621.61,4.59,26.96,22.08,65.46,0
74.28,44.62,153.74,4.17,148.04,32.92,42.26,0
50.29,24.32,697.92,7.03,63.95,18.48,133.52,1
52.19,28.22,951.47,6.32,77.82,21.12,159.88,1
5.95,42.19,272.33,4.92,27.67,6.77,215.1,0
45.14,29.18,974.31,6.3,61.75,23.47,193.8,1
36.75,31.39,1130.18,6.87,57.16,13.24,158.58,1
66.07,7.26,2977.66,8.03,11.91,9.04,305.34,0
41.62,26.2,1166.84,6.69,65.13,16.03,131.89,1
67.8,43.77,317.65,8.39,0.0,10.33,61.68,0
41.48,33.95,1568.1,6.59,76.65,22.54,170.13,1
11.45,35.68,172.96,4.46,19.6,25.7,108.02,0
47.51,31.5,1680.29,6.61,46.44,21.15,175.73,1
39.43,30.12,1427.61,6.07,89.93,23.53,160.95,1
5.96,11.65,2236.51,8.93,26.15,9.41,59.0,0
0.07,33.97,3093.27,4.02,116.04,37.3,69.28,0
46.36,28.06,1249.31,6.5,72.88,21.02,185.67,1
96.36,46.61,3366.53,8.16,22.12,28.51,270.01,0
37.42,26.75,1735.74,6.19,73.34,20.68,177.13,1
47.4,28.01,1077.47,6.95,64.45,16.0,136.07,1
38.59,27.9,1260.65,6.6,86.06,20.02,170.03,1
30.97,21.22,1633.61,5.6,67.59,27.45,166.89,1
38.54,32.59,931.58,6.1,69.99,17.59,119.29,1
43.65,26.08,1388.55,6.49,68.89,20.07,204.41,1
14.01,8.13,382.6,4.05,140.78,15.23,256.1,0
38.81,29.09,1288.12,6.29,81.43,18.03,146.92,1
40.16,32.43,1295.42,6.38,62.58,22.25,147.61,1
52.92,26.81,1612.85,6.78,74.21,15.04,159.32,1
36.31,21.87,1372.72,6.77,53.8,18.86,139.79,1
66.39,14.54,3644.24,4.09,130.5,5.98,230.22,0
43.15,24.95,1567.44,6.29,54.54,18.66,183.39,1
41.04,25.84,996.56,6.17,61.55,20.37,173.36,1
40.58,24.56,1246.57,7.24,73.81,18.08,155.24,1
87.14,10.71,38.37,5.38,114.3,48.71,262.58,0
73.59,38.33,3884.49,7.75,123.64,41.95,323.33,0
44.47,21.88,1025.54,6.67,48.2,16.7,178.28,1
40.85,27.13,1098.05,6.0,82.99,22.32,150.32,1
30.59,23.04,1191.88,6.51,70.62,16.6,160.63,1
34.98,26.93,1245.59,7.24,53.63,19.73,145.76,1
80.48,16.68,300.91,4.7,21.18,7.17,70.24,0
39.84,26.3,1426.42,6.88,81.35,22.68,150.54,1
8.51,11.99,200.42,8.49,159.18,24.33,267.64,0
42.83,31.72,1447.95,6.68,81.89,24.51,160.28,1
77.95,41.01,3749.86,9.11,21.77,19.59,51.43,0
11.76,12.1,3055.91,4.88,31.18,25.89,63.57,0
41.02,31.39,1157.95,5.98,93.05,21.33,136.98,1
80.18,43.5,4199.39,8.9,40.6,5.26,304.49,0
19.37,44.02,0.0,8.92,104.38,4.92,46.67,0
39.11,20.92,1477.21,6.91,77.66,20.22,144.99,1
85.84,36.33,236.84,8.32,143.03,31.98,211.31,0
39.41,25.16,1424.02,6.54,86.04,20.18,151.57,1
80.92,40.5,3828.79,8.12,25.61,2.96,261.22,0
50.72,28.29,1486.53,6.26,70.37,20.44,165.52,1
44.61,29.24,1747.13,6.33,82.11,20.89,154.25,1
9.5,12.79,3567.94,5.18,125.98,7.27,268.4,0
20.3,35.28,1771.91,5.71,64.68,26.07,151.38,1
39.43,29.97,1474.23,6.62,75.4,19.74,186.63,1
29.65,27.0,1752.06,6.85,61.2,24.95,169.64,1
71.22,43.37,373.97,4.64,31.07,25.94,27.88,0
35.41,22.84,1351.94,5.88,56.53,18.34,133.05,1
39.81,23.41,1140.83,6.33,50.23,23.43,184.72,1
44.73,26.99,1112.89,6.33,76.47,17.5,163.43,1
9.91,15.81,381.98,8.5,126.16,33.82,43.58,0
46.18,27.14,999.72,5.81,72.83,22.26,156.61,1
9.13,9.68,4594.48,3.75,9.13,44.88,279.38,0
11.28,12.37,3809.24,3.93,28.29,46.49,307.05,0
67.44,43.09,346.57,4.52,127.65,43.09,328.62,0
39.76,28.23,781.92,7.33,83.55,23.66,160.46,1
66.85,37.6,241.2,7.85,139.08,27.68,63.16,0
34.82,22.33,1833.06,6.2,77.96,22.65,151.67,1
37.64,31.83,1014.29,7.1,76.75,16.94,189.72,1
36.89,28.12,1432.74,6.73,74.76,22.33,165.93,1
14.23,15.14,3751.47,4.1,154.13,9.63,334.62,0
39.73,31.86,1830.39,6.82,63.94,20.32,162.5,1
41.42,24.57,1188.15,7.16,77.16,20.62,148.7,1
90.66,39.96,237.69,8.24,118.65,8.12,53.77,0
6.14,41.58,280.73,3.74,120.32,33.63,74.86,0
43.58,20.93,990.16,6.7,68.26,17.08,182.5,1
87.6,35.28,3231.05,8.67,17.06,25.11,254.67,0
53.85,18.64,1308.62,7.27,65.76,19.44,164.43,1
37.48,28.68,1498.08,5.9,70.27,14.31,158.14,1
8.14,18.37,3818.45,5.33,134.11,5.67,63.28,0
40.43,24.04,1019.1,5.96,80.25,18.24,147.83,1
33.85,21.65,1370.14,6.49,64.45,17.34,153.29,1
75.6,35.0,4255.37,4.15,104.06,1.37,226.36,0
45.95,30.64,1342.66,6.58,64.39,14.34,169.56,1
77.64,6.09,3079.87,8.75,23.63,5.86,235.1,0
29.56,25.48,1532.43,6.91,87.75,20.26,159.16,1
68.83,35.84,3863.11,8.71,28.08,6.28,334.28,0
41.96,26.05,1097.27,6.69,59.81,20.76,149.03,1
71.59,42.25,3186.74,4.36,44.39,59.75,39.92,0
45.52,25.63,1051.24,5.89,65.89,22.25,145.9,1
91.03,6.64,4363.53,5.17,182.09,9.19,8.31,0
54.47,8.46,264.86,4.08,15.56,35.04,279.84,0
39.71,25.2,1107.91,6.11,92.2,19.83,142.39,1
8.54,14.82,3581.27,8.77,18.76,48.22,327.47,0
32.08,29.61,1554.28,6.76,67.65,21.37,159.7,1
33.15,23.96,986.71,6.63,54.0,19.38,165.0,1
43.85,24.19,944.93,6.3,86.34,19.09,193.02,1
25.56,32.23,820.59,5.99,50.61,20.93,162.5,1
38.39,27.02,1253.28,5.91,65.86,20.03,161.55,1
27.89,27.24,1434.55,6.78,68.31,18.42,168.99,1
93.84,8.79,3753.56,8.53,27.97,2.64,308.53,0
41.35,29.93,751.52,6.0,78.75,23.85,166.26,1
70.69,16.07,4871.14,8.47,31.28,7.36,356.93,0
44.85,24.58,999.38,5.81,71.47,21.13,140.15,1
9.2,46.42,2.7,4.85,21.18,37.15,317.23,0
29.98,27.81,1373.59,6.75,60.73,13.74,170.6,1
86.36,42.57,3354.29,5.31,15.0,27.87,334.17,0
47.47,24.22,1152.01,7.3,66.31,20.9,168.12,1
31.15,29.89,1006.56,6.03,71.05,15.61,168.84,1
20.13,21.54,1057.17,6.32,57.79,22.15,172.15,1
43.35,21.44,1068.8,7.59,64.11,27.47,185.63,1
12.6,13.2,3428.87,7.33,132.83,49.44,204.22,0
44.41,24.54,1179.43,6.74,71.34,22.28,159.5,1
43.18,23.81,777.41,6.34,83.31,22.14,166.16,1
82.73,16.82,0.0,8.36,15.43,37.41,79.19,0
27.66,27.55,1472.73,6.8,66.4,21.31,133.8,1
60.15,8.94,290.98,8.52,124.31,41.82,260.31,0
28.9,25.48,1356.74,6.72,66.97,18.4,161.02,1
32.39,21.01,1403.06,7.02,59.15,18.86,181.81,1
76.65,37.21,181.15,9.07,108.59,8.55,57.76,0
0.0,33.7,5011.42,7.91,134.43,11.24,279.03,0
30.42,25.46,1206.53,6.12,69.54,17.34,176.7,1
42.98,25.87,1127.12,6.69,67.1,19.17,174.1,1
10.71,41.72,2029.48,8.28,9.43,42.82,177.67,0
65.49,44.26,2584.81,5.04,160.04,18.86,1.54,0
33.69,25.01,863.28,6.37,70.21,18.96,151.23,1
41.78,22.38,1481.15,6.78,88.86,21.2,154.1,1
49.28,29.44,1495.21,5.13,75.33,22.16,140.92,1
40.06,22.9,953.87,6.7,65.9,20.83,174.05,1
47.03,32.14,706.06,5.99,86.06,15.6,149.92,1
54.39,25.66,1054.75,6.39,69.43,16.56,147.7,1
48.66,23.37,921.43,6.51,65.15,20.63,167.82,1
38.48,27.3,1423.49,6.65,66.97,18.66,151.16,1
10.71,11.89,3103.29,3.92,166.33,32.03,297.58,0
44.65,25.82,1198.25,6.13,72.88,17.98,161.09,1
86.4,8.46,259.39,4.43,147.58,26.72,105.5,0
38.5,23.67,1281.66,6.35,86.56,18.41,171.66,1
43.26,20.11,1495.37,5.89,53.73,17.02,149.26,1
46.59,30.93,1198.68,7.78,60.28,18.38,146.54,1
26.22,25.38,1702.93,6.98,63.03,21.14,169.2,1
69.47,44.64,156.34,4.22,17.47,7.35,309.84,0
35.46,22.96,1507.14,6.37,66.88,25.24,168.96,1
55.45,26.78,99.0,6.99,63.52,18.0,154.02,1
36.87,24.84,1036.61,7.19,87.07,21.01,152.88,1
34.49,23.08,1098.01,6.6,87.83,14.88,156.69,1
30.67,30.35,1047.33,6.31,80.98,19.36,163.72,1
96.86,15.73,0.0,9.09,29.14,9.69,19.11,0
38.08,22.26,1132.59,6.49,70.18,19.09,165.0,1
95.09,8.87,4200.39,8.49,13.52,28.99,245.66,0
41.62,21.33,1567.34,6.29,65.34,17.19,165.67,1
28.45,29.08,1558.11,6.25,51.75,14.48,187.63,1
10.56,8.93,5406.77,8.31,169.48,36.73,285.14,0
87.27,45.79,268.47,3.91,15.07,47.15,72.66,0
5.74,33.68,4325.1,8.21,13.48,32.94,264.94,0
42.21,32.57,1599.02,6.35,69.96,17.43,151.92,1
40.66,24.2,875.63,6.03,68.23,21.89,176.02,1
31.29,27.13,1219.27,7.02,74.86,16.7,152.92,1
39.97,29.15,1135.77,6.52,50.85,17.91,156.89,1
40.7,33.02,1626.98,5.84,60.45,22.18,166.86,1
41.15,27.64,1060.32,6.7,64.1,13.39,162.94,1
1.62,17.83,316.5,7.35,36.61,10.44,354.0,0
69.22,12.89,3858.34,8.8,20.9,33.07,312.58,0
5.36,10.29,182.87,4.2,42.1,37.16,269.94,0
11.94,8.63,154.28,8.52,23.61,9.8,68.64,0
50.76,32.0,800.56,6.59,62.62,20.16,140.38,1
86.68,41.7,3498.52,8.22,146.96,11.59,59.99,0
35.76,24.29,1483.76,6.76,80.23,20.01,175.52,1
14.81,32.07,92.49,7.91,123.52,8.64,269.73,0
7.47,38.1,231.98,8.34,124.8,38.12,41.65,0
40.69,21.06,1291.71,6.37,59.47,20.12,134.65,1
46.6,27.13,1144.26,7.36,68.87,22.91,153.98,1
77.67,39.76,4484.37,8.21,135.0,26.65,280.65,0
33.09,24.51,1074.43,6.89,74.99,24.39,156.77,1
33.89,29.4,1150.68,6.97,90.97,14.98,139.93,1
36.93,29.01,1630.44,6.81,59.3,18.17,151.78,1
39.54,30.79,682.39,6.62,56.72,19.96,166.87,1
54.09,19.8,1234.96,6.67,57.94,19.34,140.84,1
32.85,23.51,1450.97,7.4,63.71,25.37,159.84,1
38.04,24.4,1453.48,6.78,49.93,21.1,158.89,1
77.72,39.23,211.22,7.93,27.17,40.66,266.85,0
1.07,42.68,224.69,4.15,146.77,26.73,346.56,0
66.44,13.15,220.21,8.47,28.1,9.27,62.31,0
14.36,13.47,255.03,8.55,127.61,8.43,234.24,0
33.71,26.24,1220.87,7.25,60.33,19.6,156.15,1
36.87,23.83,1265.88,6.28,65.72,19.85,170.29,1
74.45,36.48,2688.87,4.82,11.64,8.35,309.93,0
73.45,12.09,3308.58,7.91,145.91,12.67,111.28,0
38.49,32.51,1305.6,5.92,71.2,21.29,158.0,1
37.12,23.54,739.15,6.42,70.69,20.12,174.29,1
31.42,25.5,1136.77,6.99,87.22,16.77,180.35,1
49.37,17.37,1323.01,6.66,77.21,17.61,128.17,1
4.0,14.04,97.28,4.95,15.77,20.47,31.36,0
86.88,14.62,4418.05,3.78,11.33,39.25,286.33,0
5.14,43.45,2235.76,7.82,150.44,37.47,100.08,0
50.57,21.02,1362.43,6.6,70.55,20.17,144.82,1
37.7,25.3,1286.44,6.3,78.03,24.67,148.69,1
34.97,26.16,1674.77,6.29,68.01,21.99,185.68,1
35.48,25.01,752.86,6.69,85.26,20.69,147.29,1
25.75,42.03,3233.56,5.15,18.55,24.69,103.45,0
26.44,30.05,1143.23,6.97,45.9,21.42,168.39,1
86.01,37.27,154.01,5.09,138.98,29.1,289.91,0
38.82,26.42,1167.63,6.65,59.83,19.17,138.7,1
76.27,9.05,243.74,4.82,129.02,40.89,7.75,0
46.44,31.41,1378.3,6.27,80.53,17.24,156.67,1
44.12,22.25,1210.76,7.11,76.78,24.54,161.24,1
32.83,26.44,1605.33,6.41,88.65,21.67,185.64,1
4.66,10.76,349.3,8.22,117.86,32.54,94.23,0
35.74,24.13,1065.76,7.11,64.66,24.0,173.38,1
74.75,39.82,4770.76,8.66,8.85,11.59,67.63,0
46.72,24.16,1066.92,6.6,79.25,24.38,135.88,1
13.64,14.55,211.55,8.49,17.6,45.64,272.68,0
46.72,24.08,1540.62,5.9,72.94,18.01,117.66,1
38.65,29.64,1376.7,6.05,69.15,19.16,133.83,1
35.17,25.23,1403.69,6.58,61.62,23.13,142.16,1
67.12,44.37,3038.08,8.48,29.23,3.29,30.1,0
43.18,21.08,1273.75,6.56,65.43,20.78,164.16,1
39.36,26.13,953.47,6.57,45.6,19.19,172.77,1
9.92,39.56,180.74,4.87,25.58,9.31,281.34,0
36.91,27.52,1309.67,6.98,66.69,17.59,198.66,1
41.22,26.21,1663.2,5.62,52.93,21.7,160.21,1
45.83,28.59,1537.52,7.14,83.15,20.49,157.98,1
40.8,21.17,1090.58,6.42,82.6,18.47,171.95,1
5.27,12.28,175.2,8.81,130.67,7.89,327.65,0
86.24,39.74,3428.13,4.54,9.52,11.31,269.37,0
32.81,24.9,1221.46,6.34,67.41,20.83,157.43,1
39.54,27.06,915.46,6.4,68.43,14.65,157.05,1
44.33,27.71,947.47,5.89,88.45,23.54,122.69,1
36.79,25.6,1632.33,6.12,81.11,19.31,148.75,1
47.37,20.05,1324.18,6.85,52.59,17.69,178.2,1
43.73,29.89,684.3,6.7,80.82,18.97,151.78,1
46.57,21.15,801.72,6.57,64.1,18.43,133.48,1
40.14,24.07,1232.91,6.14,84.37,16.77,173.52,1
34.13,22.26,1484.58,6.47,69.84,17.23,155.5,1
79.79,39.59,181.96,8.92,108.68,39.01,390.73,0
38.24,28.24,1108.42,5.84,75.17,19.98,143.54,1
44.06,27.5,1062.79,6.84,69.11,21.92,167.29,1
17.12,40.79,3007.3,9.47,135.15,8.66,304.39,0
67.4,38.93,4406.45,4.57,9.86,37.08,213.74,0
53.05,28.07,1524.13,6.73,88.78,23.92,155.42,1
84.57,38.38,145.35,8.11,18.53,12.23,290.41,0
49.74,25.76,1259.83,6.51,58.78,20.19,180.95,1
12.22,12.67,3987.39,8.29,153.54,43.86,264.2,0
42.16,29.79,1567.09,6.35,91.21,13.84,130.31,1
6.93,17.73,2948.44,4.21,141.09,12.93,42.15,0
73.22,15.89,120.43,8.88,138.96,5.11,75.92,0
33.33,24.62,1335.22,6.31,46.85,18.65,164.2,1
47.47,29.14,1424.51,6.26,92.13,23.29,151.22,1
44.41,27.65,1181.57,6.67,62.84,18.05,149.61,1
72.1,43.53,251.66,4.37,20.23,36.74,190.27,0
71.31,12.69,3591.58,4.45,130.19,7.56,11.72,0
80.05,38.47,3558.45,4.12,17.93,8.39,66.47,0
37.75,31.52,692.1,6.23,68.87,21.03,183.64,1
40.17,19.63,1609.13,6.2,82.52,20.3,136.44,1
41.83,21.57,1332.5,5.9,85.54,19.59,177.93,1
38.52,23.62,1100.42,6.19,84.12,16.67,172.07,1
45.8,25.56,1646.81,6.57,57.7,24.62,174.86,1
27.09,23.76,1128.6,5.71,56.69,19.33,158.41,1
43.54,27.23,845.96,7.24,84.29,19.5,153.93,1
53.98,30.63,736.55,6.65,63.23,19.01,165.26,1
76.76,39.42,2985.35,4.98,104.21,39.77,67.8,0
34.34,29.61,1084.88,6.32,58.85,16.13,161.52,1
30.45,27.78,1410.98,6.98,56.93,18.15,166.97,1
62.8,18.69,4079.27,4.93,116.68,33.53,42.08,0
50.68,24.08,892.39,6.9,73.82,20.84,183.82,1
71.88,15.3,183.83,5.19,25.7,4.31,84.98,0
35.81,23.82,1228.73,6.98,54.21,20.03,171.01,1
79.13,36.55,404.01,4.79,87.33,21.39,69.35,0
80.02,42.28,3370.66,4.39,133.86,26.33,333.99,0
57.23,21.91,1452.6,7.15,64.9,18.15,158.62,1
86.62,12.56,4441.84,4.37,156.39,28.8,325.83,0
0.59,41.1,4291.84,4.79,21.24,20.39,61.01,0
40.87,26.87,1145.44,6.9,66.45,19.94,146.41,1
23.88,24.44,1307.81,6.72,50.59,22.52,179.59,1
80.17,16.38,194.92,5.13,21.94,9.67,219.63,0
44.16,24.57,1092.55,6.66,88.28,19.5,177.69,1
64.24,13.01,328.79,3.85,144.07,37.83,306.16,0
34.73,28.03,1831.28,6.26,74.57,23.25,133.02,1
53.83,34.54,828.75,6.89,53.7,20.44,164.72,1
30.99,20.71,1390.85,5.9,50.45,21.13,171.17,1
52.83,27.98,1306.48,6.7,75.83,15.96,188.33,1
26.48,27.86,1526.05,6.39,69.48,17.37,138.28,1
71.13,40.82,225.59,4.87,106.34,31.33,263.74,0
68.47,15.62,122.49,5.07,30.25,41.75,30.87,0
17.09,42.02,3468.96,4.18,146.33,26.19,78.09,0
50.89,27.36,1369.09,6.68,55.57,23.75,153.95,1
45.75,26.71,881.65,6.37,86.69,20.8,159.69,1
35.93,26.97,1379.1,6.9,67.26,19.89,157.32,1
63.01,13.34,233.51,4.27,6.22,43.77,98.84,0
34.25,25.46,676.09,6.81,39.58,22.42,138.73,1
35.14,29.86,1060.32,7.05,90.75,17.78,169.8,1
47.79,28.4,1162.5,6.65,59.72,19.14,205.65,1
3.75,12.14,2908.13,8.79,34.31,35.99,0.0,0
36.03,32.81,1856.65,7.23,67.68,15.54,124.85,1
35.7,34.19,939.57,6.37,76.49,21.18,156.18,1
42.74,22.88,1445.2,6.67,57.15,18.04,170.33,1
38.36,26.25,1765.93,7.21,73.69,21.75,146.49,1
50.61,24.6,1752.28,6.14,57.85,15.6,153.31,1
36.47,25.83,1475.64,6.27,59.84,15.5,154.2,1
17.17,13.93,5093.89,4.47,132.21,42.29,313.54,0
9.16,34.12,236.07,4.14,141.07,37.78,22.06,0
46.06,23.63,1039.72,6.67,68.28,20.42,156.93,1
71.96,36.53,4193.88,5.0,31.07,32.67,50.08,0
35.12,26.75,1258.39,6.55,78.73,20.15,153.19,1
45.08,19.03,975.7,6.51,70.73,19.81,166.79,1
43.46,28.69,1572.51,6.98,84.71,14.35,163.49,1
42.75,20.05,747.74,6.3,59.49,18.77,164.93,1
48.58,24.71,1562.75,6.28,63.35,21.79,181.84,1
9.76,37.31,178.07,5.52,15.83,35.99,67.71,0
70.16,40.93,212.48,8.25,21.66,10.28,252.0,0
34.03,27.25,905.27,7.26,52.75,20.71,162.25,1
40.43,20.88,1292.5,6.59,87.55,26.79,136.71,1
44.15,30.18,1144.43,6.16,79.32,15.24,150.24,1
37.52,31.83,1051.11,7.01,71.46,18.31,158.28,1
58.21,31.08,1320.3,6.81,57.02,17.38,176.71,1
40.03,25.25,1190.65,6.26,74.99,20.35,146.38,1
39.23,32.91,721.34,5.79,66.7,22.44,141.7,1
3.71,45.17,2525.96,5.09,19.96,32.51,273.55,0
11.34,42.76,3613.18,8.4,116.75,8.26,61.75,0
46.23,28.84,1772.54,6.66,55.18,18.61,132.21,1
11.79,42.06,225.67,4.88,146.87,28.85,88.88,0
36.95,26.38,1262.09,6.86,77.09,19.61,171.46,1
12.0,38.89,312.73,4.7,140.81,22.3,256.53,0
6.24,40.41,172.87,8.36,128.82,8.63,269.55,0
41.75,25.96,1464.16,6.54,63.73,18.58,172.16,1
33.74,24.33,1231.09,6.59,89.39,23.72,172.47,1
40.85,30.13,1167.36,6.57,54.23,20.35,167.47,1
46.92,28.07,1238.63,6.53,69.25,16.79,144.99,1
77.0,33.79,2659.92,8.36,120.99,1.99,309.62,0
46.69,26.05,1136.14,6.48,59.5,21.21,184.79,1
16.55,40.49,4206.48,5.38,150.78,3.89,84.94,0
6.13,50.0,351.32,7.62,127.07,42.69,371.17,0
41.18,31.36,1675.95,7.31,81.87,21.19,173.12,1
13.4,38.91,4239.18,3.56,127.45,31.63,86.13,0
37.32,26.51,1303.37,6.07,63.67,20.01,157.08,1
40.13,31.09,1315.43,6.78,67.48,20.51,166.4,1
74.6,10.49,304.26,8.76,123.63,26.53,67.7,0
46.61,23.4,1342.92,6.52,48.71,22.62,157.08,1
39.41,24.89,1094.82,6.3,58.14,17.92,145.42,1
44.01,26.37,1329.63,6.61,70.97,19.4,144.04,1
41.1,28.85,1106.74,6.08,59.3,14.73,169.1,1
44.08,26.68,1136.97,6.36,89.3,18.6,162.65,1
38.46,29.13,1102.62,6.86,92.9,22.25,171.21,1
83.91,32.25,212.7,8.02,126.52,4.89,300.93,0
41.49,26.47,1054.19,6.09,55.57,20.26,130.45,1
50.79,24.66,1119.56,6.83,50.52,16.97,176.46,1
31.8,31.62,550.33,6.38,53.84,22.35,160.06,1
11.77,13.16,96.06,8.38,30.1,49.22,40.48,0
43.23,24.84,1197.94,6.69,95.1,20.99,159.82,1
85.08,39.25,4061.18,8.6,157.87,31.1,4.56,0
44.23,27.9,1138.99,6.39,65.55,19.8,172.53,1
70.33,45.96,318.88,9.42,18.37,3.96,253.12,0
50.49,24.08,1093.6,6.0,83.76,21.14,181.0,1
38.55,34.88,1213.03,6.57,65.66,23.86,199.07,1
75.76,15.9,3019.57,8.8,0.0,25.47,280.64,0
47.48,25.77,1013.68,6.59,93.56,20.84,154.56,1
29.31,24.67,1027.43,7.2,64.57,21.63,157.16,1
66.13,12.11,209.06,9.08,26.78,6.7,19.65,0
41.16,28.0,1041.2,6.65,57.52,19.45,164.52,1
60.76,44.27,3676.72,4.79,114.14,7.07,346.9,0
49.66,25.86,1083.62,6.97,95.39,16.42,131.15,1
13.04,16.62,204.62,9.37,129.61,37.41,251.66,0
73.06,34.09,231.4,4.44,26.36,27.0,266.26,0
34.22,25.13,1753.45,6.47,67.82,17.65,131.58,1
38.88,22.98,1918.89,6.47,38.8,23.14,178.77,1
37.76,32.1,1716.92,6.87,33.78,23.95,171.92,1
54.04,31.73,1480.95,6.62,96.51,18.68,188.53,1
11.95,9.68,2358.63,7.76,2.58,10.54,8.72,0
9.76,40.8,2705.6,4.65,31.29,9.29,94.66,0
15.0,41.89,42.64,4.87,24.09,29.14,291.38,0
37.99,30.1,1262.43,5.99,53.18,18.96,172.52,1
76.06,14.32,288.41,4.39,17.93,44.3,311.85,0
1.02,10.21,107.78,8.33,112.58,40.22,1.73,0
67.53,11.08,2940.36,4.09,11.05,41.93,230.2,0
43.28,26.4,1407.38,6.37,73.23,16.22,149.68,1
11.09,5.0,3938.96,8.41,19.34,9.56,302.01,0
82.95,34.55,3174.46,4.2,19.54,33.33,44.75,0
13.43,32.7,32.78,4.09,145.87,32.78,224.95,0
35.2,24.32,1176.07,6.67,62.31,15.97,160.35,1
32.0,28.93,1531.55,6.44,56.07,16.0,154.19,1
43.76,27.57,828.63,6.18,56.87,19.08,160.73,1
33.5,24.95,1796.35,7.3,102.94,19.38,161.58,1
30.75,27.76,1733.58,6.56,56.62,16.19,155.59,1
34.79,22.25,1795.04,6.51,69.05,21.68,145.17,1
83.31,46.02,4117.08,4.47,136.7,6.63,223.4,0
76.25,48.55,4778.49,4.35,134.49,12.71,240.6,0
46.24,28.17,1362.59,6.15,64.64,20.18,150.27,1
73.01,29.89,194.85,8.41,41.71,8.65,81.76,0
52.12,27.58,1148.31,6.15,54.29,21.05,139.2,1
71.73,10.26,123.63,7.7,133.9,8.86,98.93,0
10.23,44.84,3646.98,9.3,16.9,30.09,15.84,0
16.1,34.53,252.2,4.92,131.06,39.27,318.82,0
39.56,28.09,731.49,6.0,66.01,20.79,179.12,1
5.58,35.09,240.26,4.54,107.77,8.14,278.71,0
59.77,38.12,3177.73,4.42,152.82,0.0,63.3,0
9.44,11.19,251.03,4.98,14.85,41.11,50.24,0
37.42,25.94,1165.97,6.39,62.61,19.13,172.74,1
29.99,18.39,900.27,7.24,69.79,18.2,171.74,1
46.47,29.98,1225.56,6.77,76.93,21.27,176.68,1
38.0,29.85,1107.52,6.24,92.82,19.73,159.49,1
41.99,36.0,1700.56,6.4,70.11,20.76,151.16,1
10.38,39.32,178.42,4.43,15.48,33.56,92.43,0
68.58,15.71,376.87,7.53,26.39,6.34,290.52,0
41.97,29.33,1578.37,6.99,92.44,18.75,149.22,1
45.48,28.99,1424.34,6.5,67.72,17.98,167.21,1
54.95,25.32,1157.54,6.36,62.26,18.18,152.14,1
30.44,31.66,1150.78,6.24,74.61,20.13,157.04,1
27.6,22.2,1008.88,6.31,66.39,18.88,163.29,1
55.37,44.0,318.3,8.74,28.34,39.24,316.27,0
12.03,41.52,3830.59,4.29,119.82,0.0,255.7,0
32.19,28.28,1580.12,5.93,58.31,20.57,149.13,1
45.53,26.67,1042.99,6.46,71.8,23.66,178.4,1
43.16,31.35,1325.61,5.96,76.46,23.89,180.55,1
42.4,26.81,1848.11,6.68,67.1,17.97,171.36,1
66.39,12.29,0.0,7.89,3.86,33.79,315.28,0
38.44,25.66,1183.03,7.41,70.66,20.58,156.84,1
52.05,21.24,1124.34,6.55,74.36,22.54,170.93,1
15.69,20.75,204.98,8.56,11.97,6.97,57.48,0
37.24,23.66,1463.49,6.57,65.6,23.44,151.52,1
35.51,19.41,1370.66,6.6,70.41,18.39,159.48,1
36.42,28.57,1193.22,6.74,72.16,19.01,163.87,1
4.23,44.43,2324.3,8.74,155.53,33.51,98.7,0
44.62,22.19,1429.51,6.41,54.51,22.24,178.03,1
9.53,47.67,2184.5,5.51,24.33,45.3,56.89,0
32.42,24.87,1677.17,6.97,71.29,16.8,141.61,1
31.99,26.74,1220.72,5.89,69.43,18.54,181.21,1
66.86,12.54,2878.98,5.92,120.49,6.01,289.79,0
56.07,26.47,1170.93,6.32,76.67,19.24,169.71,1
34.13,27.97,678.03,6.25,71.55,19.04,145.26,1
35.85,20.27,1465.36,5.84,71.01,18.98,172.0,1
60.89,10.08,3404.48,3.76,113.88,34.28,60.37,0
43.01,28.28,1376.79,5.69,71.42,17.21,162.57,1
32.0,26.39,511.35,6.29,75.7,18.72,181.41,1
37.06,26.58,1072.66,6.63,63.55,21.17,178.24,1
34.96,30.34,1121.6,6.71,63.69,17.29,168.33,1
65.32,17.56,281.82,3.78,14.1,39.74,216.87,0
59.17,44.44,2720.11,4.74,117.53,10.41,288.66,0
2.64,46.69,450.83,4.43,34.99,25.63,58.76,0
60.77,28.0,1209.74,7.24,72.47,16.2,158.13,1
44.3,30.86,1501.72,6.54,73.98,17.56,155.39,1
23.14,5.63,75.57,4.25,27.84,28.97,292.33,0
39.32,20.61,765.99,6.5,54.1,25.26,129.08,1
54.2,12.84,2707.48,4.36,125.65,25.39,82.07,0
52.34,28.05,1738.04,6.63,79.17,16.84,171.0,1
78.23,12.08,3233.85,8.81,42.2,10.46,47.57,0
84.06,41.11,2697.36,8.59,28.53,44.82,301.28,0
82.06,9.68,2789.4,4.05,9.92,34.06,55.0,0
81.09,6.78,189.43,4.72,10.74,4.35,102.89,0
37.75,26.67,1005.76,6.2,72.79,15.91,172.52,1
77.11,13.78,246.71,4.15,17.48,34.36,211.33,0
1.44,15.33,3790.01,8.61,4.02,38.21,221.27,0
77.96,14.5,3075.67,8.36,144.05,23.15,282.81,0
76.33,46.48,161.15,8.43,19.22,41.03,66.29,0
36.32,26.86,966.22,6.05,58.99,16.92,170.03,1
51.82,23.37,1525.45,6.96,67.66,20.73,176.16,1
4.5,39.31,3285.08,8.47,115.49,38.27,38.47,0
5.88,10.13,3943.73,3.83,127.59,43.44,266.87,0
36.57,25.98,935.58,7.28,85.51,18.37,156.89,1
32.09,26.37,1290.07,6.56,56.33,19.16,151.48,1
44.53,26.24,925.73,5.76,93.84,19.93,148.43,1
42.17,25.89,1566.41,6.4,66.09,18.24,154.86,1
3.94,9.59,4034.09,4.04,96.76,39.56,81.6,0
36.27,27.7,1055.89,6.51,52.24,17.19,172.05,1
34.23,22.3,1632.22,5.48,65.17,12.52,147.53,1
78.54,45.6,3514.27,4.52,140.43,27.9,42.94,0
21.05,19.94,1441.76,6.7,76.94,20.38,174.26,1
77.03,5.0,142.73,4.82,9.75,11.43,255.2,0
38.42,25.28,1558.05,6.4,82.35,18.82,170.83,1
41.45,26.15,966.11,6.97,47.45,19.18,159.38,1
29.04,35.55,1404.28,6.29,79.68,18.39,138.86,1
40.55,28.73,1313.82,6.26,76.34,21.37,177.36,1
41.88,30.74,1905.44,6.28,59.2,18.57,139.76,1
12.96,42.24,2465.59,5.18,128.04,10.43,50.58,0
12.94,35.63,320.05,4.59,35.95,3.67,198.23,0
44.49,23.52,1400.22,6.8,60.55,23.47,166.34,1
42.06,21.24,936.6,6.68,69.87,21.1,185.15,1
45.08,25.71,731.03,6.59,64.71,16.24,149.45,1
13.95,48.49,3360.11,3.76,111.63,14.1,57.15,0
73.67,10.26,2003.65,4.27,24.42,40.54,57.66,0
83.52,6.73,317.3,3.75,125.82,40.51,319.6,0
33.91,25.33,1273.08,6.25,65.55,19.69,145.03,1
80.37,41.35,4014.8,4.63,20.57,35.41,29.29,0
39.34,29.71,663.54,5.94,70.05,22.77,158.96,1
94.22,45.28,3070.27,4.46,140.13,35.93,249.08,0
32.03,20.95,1209.9,7.32,67.46,18.07,166.78,1
25.96,32.91,1357.7,7.02,61.25,18.15,193.31,1
14.61,45.69,4176.55,9.17,136.56,8.93,14.25,0
40.84,30.66,1336.15,6.36,72.89,24.6,146.87,1
40.22,28.09,1170.14,6.87,54.43,25.92,172.84,1
38.57,26.18,1507.62,6.84,83.88,23.44,159.4,1
16.94,10.35,3547.89,4.95,112.29,5.68,82.62,0
41.31,24.25,1242.4,5.83,69.96,19.51,171.88,1
18.3,27.44,1057.03,6.56,55.17,24.77,154.2,1
35.04,24.76,1870.73,6.42,71.82,24.6,164.79,1
97.21,41.76,203.03,7.64,19.82,2.06,220.07,0
4.02,7.8,3167.17,4.34,0.0,6.85,300.29,0
37.03,28.16,1162.92,5.61,78.96,16.0,153.66,1
52.21,22.43,1266.71,6.22,96.77,19.6,169.56,1
42.68,33.99,927.12,6.12,74.77,16.72,195.31,1
83.2,42.15,2455.27,4.98,20.68,8.08,277.34,0
44.95,24.59,1220.71,6.99,96.43,23.34,148.37,1
39.79,24.22,1032.63,7.11,78.35,18.1,161.79,1
0.0,39.41,3861.92,4.62,119.21,34.34,58.61,0
46.49,24.39,1861.95,6.63,78.06,22.04,155.19,1
44.33,27.59,1849.88,6.24,66.29,24.1,161.23,1
9.37,42.64,223.41,8.65,116.37,22.37,49.95,0
34.38,21.59,1191.92,6.34,74.48,18.59,141.75,1
27.45,26.33,788.89,7.37,58.41,19.6,163.87,1
37.98,25.04,1163.86,6.55,63.22,17.88,181.5,1
42.22,27.04,1355.33,7.05,67.35,18.99,168.01,1
76.64,11.09,198.8,5.18,0.0,10.79,284.26,0
7.29,6.66,3028.25,8.89,126.87,22.8,255.64,0
73.43,41.35,165.54,4.52,108.58,12.0,35.29,0
40.01,24.79,1730.5,6.53,57.27,17.52,155.13,1
49.8,21.43,902.33,6.49,71.84,18.65,147.77,1
34.37,24.83,1238.36,6.88,48.61,17.64,158.0,1
37.09,26.88,1046.43,5.84,48.3,21.11,159.53,1
39.53,30.34,651.68,6.91,80.45,17.26,178.93,1
68.18,35.55,175.63,8.27,138.66,3.18,97.91,0
50.27,23.71,1256.0,6.8,79.4,21.11,178.78,1
9.39,41.74,358.69,8.51,143.65,8.34,108.94,0
41.7,29.1,978.69,5.91,71.9,18.44,175.79,1
51.23,30.0,1138.59,5.78,52.57,18.8,166.07,1
89.22,40.1,2698.48,4.73,127.64,37.48,276.82,0
11.66,7.9,4114.95,8.86,17.16,43.79,48.08,0
39.54,26.3,1280.99,5.87,82.06,22.24,164.25,1
20.24,41.43,3146.27,8.94,151.68,33.88,121.15,0
8.23,47.46,166.68,8.25,18.16,8.35,310.16,0
12.31,39.1,244.0,7.78,11.79,7.63,41.89,0
41.27,25.62,949.23,7.04,93.78,24.36,170.49,1
28.27,25.08,1194.54,6.19,62.44,25.69,174.11,1
30.82,19.98,1223.08,7.0,69.61,20.65,153.4,1
41.02,21.48,1907.49,6.03,72.64,15.65,154.01,1
86.22,38.43,141.33,4.6,21.58,36.85,292.75,0
97.56,39.65,3124.05,8.66,135.88,42.8,259.46,0
51.78,25.3,2000.97,6.51,58.45,18.42,126.15,1
18.04,15.29,347.07,4.34,8.48,43.66,302.17,0
35.7,24.79,1561.28,6.79,71.34,22.32,146.89,1
75.62,43.64,4370.54,4.75,138.3,30.89,272.22,0
84.0,15.41,2603.93,8.69,16.23,37.63,60.26,0
74.97,11.43,309.59,8.87,112.8,4.18,33.03,0
45.79,29.45,1342.04,5.65,57.68,20.43,162.03,1
75.19,39.3,277.9,4.28,162.13,4.58,339.21,0
43.56,24.74,873.56,6.44,72.73,17.48,157.16,1
40.49,22.62,1363.76,7.17,61.29,16.84,177.17,1
18.84,37.92,0.0,8.55,25.8,29.24,44.37,0
42.02,29.88,1466.3,5.69,85.87,20.23,165.88,1
49.11,22.34,991.92,6.17,72.18,24.56,142.92,1
46.34,33.91,882.63,6.91,58.06,18.45,171.83,1
16.36,39.18,2817.15,3.89,124.12,8.15,311.63,0
69.95,36.49,5539.63,7.9,127.06,6.61,83.24,0
48.66,24.59,1226.57,6.29,88.51,16.92,160.18,1
43.69,25.25,908.64,6.25,66.53,15.27,148.2,1
71.57,16.24,3163.4,4.9,16.59,3.79,278.88,0
2.55,13.6,3423.13,5.43,22.58,25.8,255.11,0
71.99,15.58,3484.26,4.76,31.91,33.88,347.12,0
76.85,37.8,152.92,5.46,134.31,29.02,332.89,0
34.38,33.3,1114.59,6.56,75.42,17.16,178.53,1
44.46,29.8,1592.65,7.37,83.21,14.66,164.84,1
27.04,29.36,1085.95,6.1,85.25,20.82,173.08,1
38.84,25.43,2073.11,6.69,89.62,18.27,153.29,1
33.54,26.41,1354.92,5.51,82.64,18.76,140.02,1
46.59,23.04,44.26,6.12,65.53,19.85,155.94,1
40.23,30.31,1215.84,6.51,62.8,21.08,165.25,1
78.91,39.37,2141.24,8.53,167.75,4.32,287.42,0
44.42,25.83,1021.79,7.0,70.76,18.02,180.84,1
32.88,27.23,1036.12,6.02,65.04,19.1,144.77,1
4.89,38.86,4478.09,9.35,141.15,11.39,313.83,0
12.35,42.01,147.56,8.35,26.58,8.09,94.54,0
72.74,15.65,175.04,4.87,120.83,6.15,346.43,0
89.01,44.27,3804.27,5.27,10.76,13.16,57.77,0
61.05,9.26,3536.65,5.08,32.53,4.98,69.46,0
55.24,28.64,1225.13,6.37,72.0,22.89,176.89,1
48.47,20.16,1260.87,6.21,63.79,21.4,138.46,1
66.71,12.06,5257.99,8.6,23.01,9.2,291.61,0
75.71,34.97,3432.43,8.58,20.69,31.5,316.21,0
38.24,23.1,1043.53,6.99,84.45,20.17,177.62,1
39.01,23.5,1026.73,6.17,86.45,20.04,168.48,1
50.6,27.96,1230.78,5.86,74.7,21.4,139.66,1
47.02,30.93,1192.4,6.26,60.63,18.78,129.21,1
34.93,26.17,1346.53,6.68,72.04,12.64,149.46,1
5.14,39.7,182.09,4.01,105.07,24.1,284.65,0
44.14,31.2,1363.71,6.98,71.28,20.98,165.66,1
41.99,20.34,1306.33,6.47,84.02,18.25,163.02,1
45.02,32.42,802.65,6.39,83.4,17.35,168.62,1
30.89,26.55,953.94,6.27,70.4,19.95,179.62,1
70.87,13.25,3877.56,8.01,6.24,15.63,284.79,0
41.87,25.41,1464.89,6.63,81.42,19.69,157.28,1
15.39,12.99,3220.1,7.93,150.5,44.72,313.9,0
36.93,27.16,858.25,6.3,80.38,21.18,168.31,1
59.23,41.36,82.68,4.28,110.42,36.21,47.78,0
74.47,40.25,3747.89,8.54,139.05,9.14,46.05,0
35.97,20.21,1681.19,6.8,84.02,23.07,160.29,1
37.43,20.59,1067.14,7.06,71.79,25.45,154.32,1
33.27,27.72,954.4,6.16,59.84,25.52,156.22,1
6.49,35.51,366.78,4.12,12.75,31.52,38.13,0
11.03,40.64,235.45,8.43,10.26,10.71,332.04,0
77.91,41.71,19.34,4.69,27.61,7.78,242.62,0
50.22,24.48,1890.52,6.09,61.41,18.93,139.63,1
44.2,23.49,1068.6,5.67,66.47,17.28,161.19,1
78.21,40.69,3544.17,8.96,22.88,28.47,217.19,0
79.42,10.81,3331.38,4.92,138.6,13.09,39.56,0
30.83,27.77,883.29,5.76,60.17,23.6,165.01,1
82.9,39.95,2068.76,5.07,115.75,4.67,52.66,0
37.78,24.64,1221.81,5.82,41.7,16.54,164.86,1
61.28,13.82,299.46,4.6,0.0,12.65,287.03,0
43.58,26.46,1785.68,6.84,72.77,15.85,138.65,1
75.85,11.31,2768.76,8.05,29.08,10.03,41.62,0
55.69,26.13,1300.45,5.97,48.7,14.34,175.46,1
39.42,31.47,1504.84,5.7,68.18,18.26,139.97,1
30.25,30.81,985.78,6.34,57.12,20.72,148.45,1
44.91,28.62,995.42,6.85,48.66,19.99,151.49,1
4.25,41.69,3552.65,4.85,102.53,4.99,32.05,0
45.55,18.32,1453.5,6.58,63.28,17.8,159.06,1
11.15,43.07,2553.05,9.52,122.8,7.26,107.25,0
39.67,31.2,1137.62,6.79,70.84,22.42,139.42,1
33.4,25.22,1373.85,6.21,75.01,19.72,157.47,1
9.37,15.04,2115.21,8.95,22.11,31.58,249.93,0
38.56,16.8,1871.08,6.31,99.27,20.94,156.96,1
84.56,50.0,128.02,7.75,22.88,26.83,347.44,0
35.92,28.43,1263.62,6.53,58.35,21.95,181.2,1
49.25,33.3,1229.01,6.47,71.89,21.45,138.36,1
76.65,14.75,138.27,8.4,10.98,24.72,330.83,0
46.78,33.92,1321.16,6.33,89.9,22.62,162.53,1
41.66,23.25,1307.84,7.08,67.51,20.32,156.36,1
34.29,25.55,982.42,6.96,79.96,16.8,129.72,1
46.06,29.49,1051.05,6.27,64.46,21.77,174.39,1
6.54,41.8,194.91,4.65,128.56,48.92,336.67,0
61.66,38.4,2656.5,5.53,18.51,14.44,237.03,0
74.53,40.96,109.85,4.19,32.08,35.26,314.67,0
8.67,12.05,3026.26,8.67,33.27,8.66,59.19,0
41.61,23.14,1385.57,6.81,61.08,22.33,167.87,1
8.63,40.54,239.32,4.7,138.05,7.79,305.36,0
42.85,20.37,1083.45,6.66,73.55,18.93,156.22,1
8.47,40.43,239.22,4.29,20.95,50.22,348.77,0
74.36,43.82,2901.38,4.28,16.57,12.25,70.82,0
41.61,30.64,1237.61,7.11,67.61,20.86,157.88,1
33.53,27.6,795.38,6.26,79.29,15.48,173.57,1
31.63,31.17,1254.1,6.54,76.65,22.0,155.94,1
86.81,46.03,127.41,7.71,104.42,28.03,317.32,0
52.81,23.04,975.01,6.46,67.48,17.62,164.04,1
47.18,27.81,1444.98,6.28,78.94,17.21,145.4,1
38.77,24.44,1095.86,7.05,54.77,18.33,151.58,1
64.89,12.79,4235.53,7.54,96.82,37.41,371.11,0
3.91,15.42,297.54,8.26,21.88,0.35,183.07,0
91.02,10.82,2982.5,4.81,144.49,3.75,294.55,0
51.31,21.96,1310.54,6.86,87.91,21.98,144.43,1
28.41,22.95,1009.35,6.23,91.04,22.12,160.51,1
6.3,10.31,2922.62,9.32,15.16,9.87,85.29,0
49.74,21.21,682.93,7.04,60.43,15.86,133.72,1
76.92,16.78,2871.18,8.33,90.9,5.25,58.49,0
65.47,16.28,2927.19,4.78,18.73,4.63,29.16,0
8.67,41.72,78.16,5.35,112.49,32.66,302.06,0
13.63,11.07,181.78,4.6,159.96,26.65,81.2,0
36.2,29.44,1618.62,6.91,71.51,18.25,158.78,1
46.24,28.05,1394.15,6.68,61.5,21.0,171.22,1
42.25,21.66,622.05,7.1,76.14,21.52,143.85,1
42.36,30.29,1081.23,6.44,56.0,23.02,189.49,1
37.56,25.82,1633.55,5.95,62.84,17.87,155.82,1
32.79,27.22,1447.92,5.67,63.61,20.09,144.0,1
89.75,7.66,203.85,3.88,146.2,49.61,215.78,0
49.05,28.07,879.52,6.64,85.33,21.72,172.88,1
4.29,39.1,122.86,4.36,136.87,44.48,275.34,0
56.74,10.01,280.63,5.06,136.04,4.8,297.01,0
40.83,26.42,1353.13,7.51,73.09,16.83,144.31,1
38.8,28.3,1025.99,6.49,75.47,17.46,189.25,1
65.11,32.76,2570.67,8.21,13.82,22.44,235.88,0
38.15,27.5,1771.44,6.46,78.39,21.68,150.01,1
35.88,23.51,1591.48,6.62,63.23,17.85,152.27,1
14.2,37.46,297.06,4.25,120.27,39.32,48.99,0
41.11,26.57,876.75,6.38,51.06,19.58,144.43,1
41.19,26.2,1276.71,6.52,54.42,18.23,170.33,1
19.39,36.51,181.13,3.44,130.47,29.88,63.45,0
52.76,23.19,1782.51,6.51,47.97,19.55,174.39,1
37.44,24.83,1065.04,6.91,78.46,18.02,147.24,1
78.52,34.83,3512.45,4.38,13.47,33.39,70.84,0
35.16,33.06,1100.03,5.69,82.75,23.4,156.46,1
25.34,29.56,1247.11,6.32,71.3,20.77,152.96,1
53.04,30.28,1225.78,6.05,75.16,19.52,170.75,1
33.96,26.54,1159.64,6.61,61.4,19.45,160.44,1
6.32,9.77,3781.07,4.62,107.46,35.31,325.08,0
36.9,29.93,1186.76,7.46,69.07,20.28,167.92,1
45.86,23.64,1292.15,7.16,80.33,18.73,139.89,1
29.96,21.45,1482.54,6.84,58.28,25.51,154.23,1
17.18,31.99,2541.12,9.15,24.36,36.75,236.47,0
9.99,11.29,4837.43,8.58,157.27,3.67,94.59,0
46.48,30.05,1213.17,6.51,55.8,20.63,192.89,1
32.74,31.67,1063.36,7.11,85.58,21.54,187.43,1
21.16,39.78,3148.25,5.07,17.91,7.38,35.52,0
37.96,25.49,928.68,6.64,74.49,21.58,155.66,1
79.16,47.88,2919.64,3.0,147.08,41.76,66.68,0
5.12,10.7,210.07,8.98,12.46,15.92,49.86,0
46.66,21.69,1241.35,6.24,61.15,16.41,152.1,1
38.78,27.69,1752.49,6.25,66.82,21.66,149.95,1
66.16,12.83,0.0,8.53,7.92,45.88,296.74,0
35.66,16.64,1186.19,6.38,67.0,21.32,173.14,1
96.13,48.52,3787.59,9.2,13.48,7.81,46.16,0
34.16,25.59,870.7,6.38,70.88,17.21,155.38,1
40.62,30.77,762.8,6.9,55.66,20.65,167.33,1
42.63,30.16,867.61,6.88,60.53,20.8,153.03,1
43.07,28.78,1486.27,6.4,73.47,20.41,169.67,1
36.88,21.08,1346.92,6.36,89.44,22.17,166.59,1
48.11,24.03,1405.17,6.38,75.03,19.69,153.96,1
71.65,16.67,3677.81,8.5,154.57,18.44,61.03,0
47.64,28.3,1051.55,6.53,62.48,18.18,153.87,1
35.25,24.07,1434.44,5.86,65.09,16.18,171.53,1
37.65,21.28,1597.57,6.83,75.78,23.39,166.78,1
27.52,28.88,1012.12,6.77,77.71,21.47,158.34,1
77.65,45.21,177.78,8.55,11.18,5.13,36.35,0
16.1,14.77,4226.62,4.58,19.84,5.92,300.11,0
32.91,29.33,1338.8,5.79,73.36,20.28,175.45,1
39.26,24.83,1299.81,6.9,80.67,20.88,168.99,1
48.9,18.9,975.47,6.28,75.41,15.87,152.18,1
34.75,28.56,1466.58,6.24,68.39,17.82,151.77,1
41.86,32.63,879.85,6.88,64.29,17.72,179.75,1
37.49,19.87,2192.13,6.44,82.46,16.9,174.95,1
19.29,10.95,351.17,8.8,125.43,38.93,42.34,0
19.71,11.61,192.57,5.29,12.08,41.03,56.04,0
34.35,28.26,1332.53,6.48,63.98,18.4,164.24,1
39.33,28.82,1433.07,7.16,75.88,20.0,143.62,1
46.06,31.03,1162.65,6.92,65.99,17.6,165.48,1
37.44,22.02,1305.39,5.91,73.53,10.95,172.15,1
32.27,29.48,1154.83,7.04,80.96,20.53,163.61,1
17.45,8.54,111.59,4.88,13.23,17.85,342.2,0
7.32,43.78,4206.99,7.77,115.58,36.08,141.07,0
10.47,14.24,2885.49,8.19,10.04,30.94,52.07,0
33.84,29.76,1273.09,6.29,59.23,22.14,164.02,1
35.14,27.24,1892.95,6.85,54.85,23.52,145.84,1
22.79,25.45,1226.6,6.73,80.81,23.21,125.25,1
34.39,33.01,1329.5,6.32,77.07,19.79,161.7,1
64.09,40.97,3114.98,3.65,21.8,8.04,90.03,0
1.22,40.0,234.44,7.97,114.09,41.46,82.93,0
34.9,21.43,1453.0,6.53,53.45,22.95,170.86,1
39.92,31.92,1481.17,6.97,57.31,25.07,164.72,1
42.99,22.34,1096.39,6.58,53.54,21.17,148.85,1
8.03,42.69,2653.1,4.94,119.11,45.16,223.81,0
28.22,28.71,1418.69,5.98,73.73,22.96,174.76,1
27.94,27.59,1091.46,6.11,54.79,20.4,182.62,1
37.14,26.36,1326.62,6.8,85.59,20.12,135.08,1
83.93,5.3,2489.21,8.76,120.09,31.95,299.42,0
40.97,27.85,1783.7,6.54,82.98,16.28,149.25,1
12.2,38.88,3398.86,8.88,110.8,5.71,196.11,0
30.08,28.13,1225.0,7.17,84.79,22.4,171.37,1
43.43,25.3,1523.72,6.85,69.91,17.0,133.22,1
45.9,29.27,1531.8,6.65,90.03,17.79,152.69,1
48.38,27.73,804.09,6.6,56.5,16.14,159.88,1
41.14,25.31,1227.52,6.51,66.34,19.49,153.95,1
85.6,33.48,425.68,5.48,140.98,39.46,227.01,0
13.92,11.48,124.43,4.35,18.38,43.54,256.31,0
85.45,11.73,4324.26,3.86,111.8,36.82,285.36,0
32.73,30.6,1498.11,6.34,75.95,21.2,153.62,1
63.83,17.07,379.18,3.7,152.12,8.23,279.59,0
44.05,15.67,1115.83,6.49,67.64,23.64,143.14,1
38.23,24.37,727.13,5.63,66.32,23.72,160.55,1
47.15,24.87,1081.59,6.34,51.98,20.1,171.75,1
6.42,40.39,45.96,8.41,27.47,11.54,316.96,0
11.85,10.83,3662.9,4.31,17.07,3.16,103.8,0
69.58,40.42,3873.4,7.94,21.71,32.14,313.8,0
31.6,28.04,1212.25,6.75,58.18,21.58,162.17,1
36.16,29.18,1469.97,7.04,80.85,19.37,142.3,1
20.15,35.04,161.01,4.45,148.71,34.64,100.12,0
64.86,11.89,216.94,8.06,125.05,28.78,253.5,0
72.28,38.45,102.52,8.91,21.43,7.12,31.03,0
52.87,27.98,1175.38,6.83,80.2,24.1,159.33,1
38.84,27.82,900.81,6.87,62.18,21.55,170.06,1
46.1,24.38,1073.25,6.15,76.62,17.5,176.25,1
49.26,17.46,1314.37,5.99,74.46,19.35,144.74,1
12.14,43.61,229.88,4.2,145.9,3.94,278.85,0
90.25,49.1,2977.59,9.34,125.03,10.08,278.61,0
48.16,25.41,1066.88,6.43,89.17,18.34,168.55,1
31.93,28.62,807.32,6.36,93.37,22.8,136.94,1
26.56,21.96,1009.47,6.47,46.79,21.5,158.61,1
4.78,39.89,0.0,8.05,2.7,30.78,43.29,0
79.26,50.0,196.33,7.6,154.7,8.29,67.59,0
38.11,21.68,1131.84,7.37,73.77,22.86,145.25,1
37.85,28.55,922.36,5.91,59.88,19.44,150.02,1
49.06,18.09,1383.09,5.69,72.57,18.07,163.49,1
55.0,31.54,1027.45,6.45,72.94,22.16,160.44,1
32.83,27.02,1065.59,6.74,79.0,20.99,155.15,1
22.64,5.96,3327.41,4.21,0.7,39.84,59.82,0
42.2,28.9,1726.33,6.06,51.13,20.47,166.74,1
45.04,26.29,1210.46,7.16,53.96,18.57,177.05,1
35.32,28.93,1380.44,5.95,77.43,19.78,179.01,1
35.11,25.03,1145.37,6.83,48.46,23.73,186.07,1
92.01,9.51,53.67,4.05,18.73,10.34,287.32,0
43.32,31.93,1196.46,6.57,59.63,22.3,170.54,1
72.12,43.19,262.73,8.25,15.19,32.13,54.78,0
46.67,25.08,1128.03,5.94,88.61,24.0,134.97,1
48.47,25.21,1502.06,6.25,73.55,21.61,160.84,1
33.25,22.62,1061.34,6.39,59.69,17.39,171.25,1
38.76,22.7,1026.59,6.67,85.53,21.06,164.59,1
57.84,24.68,1321.04,6.52,75.53,18.41,154.0,1
30.15,22.99,1340.99,6.92,66.57,16.98,157.8,1
8.64,12.67,2019.6,4.06,24.34,39.33,40.71,0
43.7,27.73,1056.76,6.32,52.74,17.17,140.66,1
29.94,28.43,888.33,6.04,84.31,17.01,125.25,1
77.03,11.16,2319.02,4.72,146.62,11.0,60.55,0
87.72,32.81,374.71,4.65,125.58,6.45,302.69,0
51.87,22.53,1171.46,7.27,66.3,19.92,181.48,1
16.88,14.19,273.79,3.79,20.05,35.76,342.78,0
5.85,35.98,273.8,9.02,118.47,13.87,59.96,0
40.44,28.33,886.24,6.66,64.72,20.5,174.36,1
3.88,11.47,2932.06,8.98,24.35,8.51,77.54,0
3.56,36.69,95.61,8.21,32.4,11.37,56.26,0
17.61,40.39,4002.57,4.63,16.41,6.05,344.6,0
85.82,11.21,182.28,7.91,19.58,8.72,248.26,0
11.0,36.63,3939.1,4.3,131.26,5.7,45.12,0
79.23,12.92,283.41,4.33,33.44,2.47,239.32,0
6.44,8.8,4495.32,4.51,95.86,11.4,294.04,0
48.48,27.57,1017.22,6.26,98.59,18.31,136.53,1
45.54,29.54,1066.71,6.67,75.87,22.28,135.62,1
16.46,12.76,3514.89,8.34,21.1,36.56,23.08,0
73.53,13.41,3514.28,5.74,38.84,6.89,29.75,0
31.75,26.19,1248.45,6.92,63.53,22.89,129.65,1
12.25,6.08,217.22,8.42,122.0,4.79,289.6,0
5.71,10.26,309.1,8.39,109.14,9.49,263.16,0
44.98,23.94,1733.98,6.46,62.43,21.48,145.31,1
10.74,42.91,4453.46,8.34,135.08,41.21,351.89,0
66.68,44.88,4177.48,4.24,43.97,5.06,312.94,0
40.12,25.72,1695.35,6.8,65.79,16.77,174.87,1
48.74,29.49,1281.64,6.31,77.2,18.86,173.14,1
52.58,29.71,1047.11,6.91,61.98,17.48,158.07,1
72.77,14.35,263.96,4.32,22.99,5.77,99.37,0
69.42,38.85,4880.8,4.75,1.37,8.03,286.43,0
27.24,27.47,1133.64,6.22,86.19,17.67,147.7,1
24.31,28.69,1349.89,6.6,48.03,23.18,164.79,1
5.71,12.24,3034.38,4.17,11.31,12.29,315.33,0
2.96,12.42,261.6,8.2,38.2,9.26,220.05,0
18.48,44.57,185.28,7.22,25.02,8.2,303.68,0
72.33,44.64,224.73,7.64,19.51,29.7,276.67,0
8.78,13.7,362.82,8.46,30.36,4.4,55.54,0
38.84,25.24,1706.18,7.0,55.15,18.67,172.75,1
13.01,11.74,3413.13,8.23,161.39,3.04,243.97,0
8.4,7.43,4235.6,8.96,152.54,27.4,97.48,0
40.88,25.29,1481.56,6.83,67.71,19.3,182.48,1
40.83,29.71,1123.93,5.86,58.9,20.09,152.69,1
42.13,25.98,1667.6,6.32,81.59,17.98,171.38,1
44.49,26.51,250.76,6.74,46.36,18.48,124.13,1
66.72,43.71,301.27,4.7,115.37,0.74,281.63,0
71.17,32.84,326.43,7.87,133.23,36.96,39.08,0
40.1,29.32,1575.26,6.5,56.64,18.3,170.16,1
29.19,29.89,1522.52,6.78,67.82,21.49,173.41,1
51.34,27.59,716.37,6.37,96.1,19.48,179.9,1
42.94,23.71,677.83,6.42,52.51,19.6,160.52,1
47.83,28.79,767.94,6.6,70.23,17.58,170.02,1
31.48,21.98,1393.34,7.09,63.22,21.57,137.15,1
10.9,42.9,3782.94,9.18,172.58,30.53,272.46,0
42.91,21.38,1127.23,6.92,67.65,19.53,150.79,1
31.78,24.84,1147.59,6.45,81.16,21.4,161.88,1
46.9,29.83,1046.0,6.61,80.65,23.88,143.6,1
12.76,38.53,3835.47,8.66,19.13,33.16,187.51,0
14.25,12.26,99.57,8.51,147.12,55.38,42.61,0
31.36,29.36,974.78,6.66,59.69,19.44,152.94,1
38.26,29.43,1184.33,7.1,67.11,17.29,156.36,1
52.14,28.31,1041.92,6.45,56.34,17.15,178.13,1
33.71,28.45,825.53,6.63,96.1,14.31,165.6,1
63.37,34.23,3977.17,8.54,97.3,48.38,299.86,0
85.11,41.52,220.76,4.36,28.6,9.86,60.93,0
55.64,25.41,1235.49,6.57,59.07,18.97,181.91,1
50.33,20.49,1816.72,6.35,67.49,21.06,158.7,1
89.41,39.63,122.56,4.45,5.26,7.7,251.3,0
14.37,13.75,3218.02,8.51,13.1,14.39,63.22,0
35.99,23.55,952.58,6.63,58.2,22.79,159.67,1
59.74,9.93,171.64,8.54,122.33,27.73,99.9,0
35.41,27.23,1393.3,6.07,78.47,26.07,180.48,1
35.74,27.92,796.67,6.92,52.35,19.45,163.67,1
47.27,22.96,1310.15,6.21,89.87,17.89,152.95,1
38.91,25.37,990.92,6.3,66.32,20.01,165.9,1
70.76,42.9,218.11,4.76,150.76,8.81,322.73,0
46.73,26.7,972.21,6.2,53.24,19.52,168.41,1
21.41,41.79,3726.93,8.1,19.3,41.86,193.4,0
15.71,11.4,265.6,7.74,119.5,13.56,51.3,0
81.68,36.35,345.01,4.23,134.18,34.95,251.95,0
21.06,14.48,277.54,8.84,13.7,5.07,259.03,0
14.22,29.49,3066.49,4.53,132.42,47.02,308.34,0
33.8,25.18,931.73,5.94,75.97,20.08,160.41,1
46.49,21.57,1100.01,6.78,55.95,25.35,160.22,1
30.4,27.01,1496.33,7.33,49.8,21.83,175.97,1
43.16,27.22,1612.73,6.74,57.97,18.37,153.22,1
35.43,26.01,1297.93,6.92,55.65,16.76,154.27,1
1.0,37.71,41.22,9.56,14.66,36.99,51.13,0
20.48,42.82,4194.65,8.74,27.35,36.73,62.91,0
34.44,31.55,1313.8,6.47,52.82,17.23,165.26,1
33.18,24.13,625.26,7.04,43.24,19.34,142.33,1
33.81,24.37,1543.54,6.46,53.51,20.47,153.93,1
26.59,26.38,1155.33,6.88,74.26,21.48,165.18,1
33.48,29.5,1537.78,6.97,78.52,16.04,167.46,1
39.95,26.42,1094.18,7.15,73.56,20.24,165.82,1
24.9,6.88,89.73,9.04,108.28,10.64,52.52,0
37.26,26.45,946.97,6.04,68.73,18.68,177.79,1
35.85,23.05,1022.69,6.61,79.7,25.39,168.66,1
31.76,27.61,1325.58,5.45,102.73,23.58,171.39,1
23.28,13.74,323.66,8.79,12.79,19.59,69.1,0
49.76,24.16,1163.46,6.0,87.33,23.95,158.02,1
29.64,24.9,1296.7,6.52,72.91,13.68,143.96,1
31.92,28.11,928.44,6.57,70.13,19.9,175.28,1
69.05,40.72,291.16,9.05,157.2,7.87,293.51,0
12.08,41.68,163.04,4.32,153.35,42.36,82.73,0
16.49,13.59,3525.09,9.65,15.51,5.71,75.42,0
33.22,27.89,1140.22,7.23,73.74,21.77,145.85,1
33.79,23.79,1161.11,6.3,85.12,20.34,171.92,1
29.84,26.82,694.39,6.68,57.33,20.85,151.51,1
5.6,12.05,2746.74,4.38,141.09,6.98,43.08,0
35.33,23.3,350.54,6.34,103.2,23.18,145.12,1
36.4,27.02,490.57,6.78,73.0,19.89,160.31,1
39.89,27.49,1264.45,6.69,45.98,18.8,142.25,1
85.79,38.69,2756.99,4.43,114.98,31.05,297.4,0
39.1,26.76,1196.72,5.13,76.82,17.57,169.21,1
30.85,31.45,846.62,6.69,66.79,20.19,178.39,1
34.49,27.42,756.99,5.49,80.95,21.87,145.04,1
10.3,46.7,3169.86,8.52,37.81,50.52,41.56,0
69.93,45.68,208.91,8.55,14.54,3.28,311.4,0
44.26,20.35,1054.34,6.57,74.24,25.17,152.44,1
12.97,14.86,240.4,8.2,143.8,6.83,225.93,0
86.61,16.82,3437.4,8.94,9.41,7.78,284.34,0
4.12,11.07,120.41,9.12,28.46,49.64,257.28,0
7.44,16.0,3062.23,5.39,21.69,12.13,62.79,0
9.3,11.3,3478.2,3.72,26.47,35.69,78.57,0
44.75,29.28,1314.08,6.02,73.63,20.64,168.76,1
29.42,25.05,1601.54,6.7,69.41,21.27,143.44,1
45.51,29.38,1340.95,6.25,61.0,19.16,140.52,1
29.04,29.24,884.08,5.7,82.17,23.15,140.38,1
72.53,7.32,405.63,8.5,0.0,33.93,275.69,0
8.01,16.27,113.49,5.25,17.13,10.39,284.32,0
40.09,25.19,921.53,7.14,77.25,23.48,173.22,1
35.17,28.04,1157.97,6.38,62.59,21.75,172.73,1
39.55,24.12,975.9,6.45,79.41,17.31,195.03,1
64.44,11.75,2814.86,4.83,16.21,9.38,373.05,0
7.62,11.95,2261.31,5.36,144.13,7.17,245.17,0
20.72,46.12,3291.66,3.94,137.89,3.72,283.39,0
1.08,6.52,3175.45,7.96,149.98,8.95,309.0,0
38.29,31.78,1675.0,6.84,76.44,24.14,188.77,1
74.68,8.77,3123.57,8.92,46.65,50.09,59.12,0
77.71,12.6,3308.77,8.89,104.57,28.92,38.33,0
6.61,39.03,3871.65,4.99,0.0,43.06,42.22,0
42.43,28.74,1758.85,6.16,58.02,18.03,128.45,1
29.95,24.88,1889.77,6.54,62.3,21.25,153.18,1
36.43,29.49,1052.3,7.12,72.82,15.1,169.61,1
39.05,32.9,1641.15,7.12,57.91,15.31,147.35,1
41.16,26.28,1209.26,7.11,40.94,20.22,146.19,1
45.48,23.63,1354.1,6.82,76.68,19.43,165.26,1
13.11,15.09,1991.84,8.68,162.86,27.81,53.42,0
9.02,35.71,248.79,8.13,149.67,6.68,358.79,0
32.73,21.27,650.76,6.26,81.37,18.68,156.89,1
88.92,44.54,3914.27,4.3,20.03,42.27,216.04,0
70.28,14.28,93.6,4.81,152.88,7.9,62.88,0
67.25,41.31,276.39,8.97,7.62,33.28,89.06,0
40.44,27.35,780.77,6.59,57.5,17.97,170.77,1
20.07,43.72,201.34,8.33,132.65,36.3,71.37,0
86.94,42.82,163.21,8.72,22.56,30.09,18.68,0
46.63,27.27,1216.11,6.58,70.76,23.12,164.66,1
41.71,26.2,1226.11,6.59,79.9,24.91,167.93,1
42.64,24.52,1536.25,6.35,52.3,17.51,168.51,1
48.99,24.89,1274.83,6.41,76.06,20.43,173.65,1
44.59,22.32,1548.74,6.65,76.81,24.22,150.91,1
34.39,20.24,1162.2,6.32,66.28,22.13,182.91,1
47.77,24.51,972.68,5.67,60.46,22.62,159.16,1
6.67,36.46,133.5,8.29,155.94,37.45,63.75,0
39.98,26.58,1153.66,7.4,72.92,20.31,174.05,1
36.09,29.59,1054.03,6.1,67.7,19.97,161.34,1
40.51,30.27,723.42,6.65,77.89,19.86,159.29,1
48.39,29.75,1049.84,7.14,80.17,17.28,130.68,1
82.25,12.36,144.79,8.26,143.93,3.44,323.68,0
45.08,31.72,1522.67,6.21,74.43,20.16,140.02,1
42.79,29.86,1471.86,6.5,69.25,21.19,154.94,1
3.93,39.68,424.41,8.05,22.85,12.33,255.9,0
4.47,14.01,3922.24,8.6,109.71,9.0,44.0,0
44.86,23.78,1310.36,6.47,61.41,22.31,129.77,1
49.43,21.82,986.86,6.94,78.26,18.62,170.94,1
39.27,29.71,1113.17,6.34,89.08,19.59,165.28,1
43.75,29.05,1196.2,6.58,65.23,18.54,180.07,1
31.8,24.7,1011.21,6.21,80.67,20.27,157.95,1
8.87,38.2,3110.77,8.25,20.95,49.78,84.05,0
45.76,20.22,978.93,6.45,61.54,18.81,149.99,1
40.17,22.46,1082.89,7.35,68.39,20.91,147.97,1
40.36,32.35,1033.46,6.96,84.22,15.5,160.84,1
50.8,26.48,1591.54,6.08,69.15,21.87,163.66,1
38.95,20.4,921.26,7.22,60.43,15.37,149.53,1
35.88,24.45,1476.82,6.66,61.45,18.51,176.22,1
50.67,25.59,1698.03,6.59,83.14,21.56,162.56,1
6.57,8.32,216.24,9.56,119.88,28.03,49.47,0
47.33,27.78,1497.47,6.15,64.1,23.37,183.4,1
4.26,8.84,4412.77,7.9,122.63,29.12,52.6,0
2.3,9.02,100.08,8.18,16.75,51.14,229.99,0
44.22,27.48,1075.12,6.94,83.59,22.76,160.67,1
43.73,31.13,1310.04,6.35,81.63,21.83,165.2,1
67.17,14.36,3963.17,8.74,13.79,7.18,70.89,0
35.5,21.98,991.37,6.2,60.1,20.68,144.64,1
6.33,9.99,277.88,8.48,17.69,10.72,313.35,0
45.92,20.4,1541.33,5.94,81.55,19.12,141.52,1
12.9,15.19,3321.06,3.57,108.53,30.78,298.31,0
15.83,40.56,136.67,8.98,9.79,36.05,55.62,0
32.44,27.79,1008.8,6.24,67.17,17.99,171.97,1
35.91,23.55,1769.33,6.55,66.64,18.6,158.13,1
45.26,26.55,1325.5,6.87,61.89,18.78,149.97,1
30.42,25.43,1636.12,6.83,65.47,18.41,151.61,1
30.92,29.84,1626.6,6.21,59.32,19.31,143.67,1
13.93,37.51,281.75,8.42,133.75,27.78,242.26,0
39.25,29.93,869.88,6.76,81.95,19.35,160.5,1
36.64,23.35,1142.41,6.69,60.08,20.86,173.49,1
31.41,30.22,981.95,6.46,80.24,16.5,169.37,1
31.66,24.98,1290.54,6.24,78.22,18.91,156.22,1
24.76,26.41,1350.54,6.37,71.36,22.62,154.63,1
38.41,32.56,1181.28,6.24,69.27,22.59,180.72,1
44.37,24.37,2069.71,5.87,48.63,20.96,154.65,1
22.66,23.81,841.2,6.56,65.06,20.98,162.85,1
14.37,39.11,3640.84,3.78,97.68,46.79,327.48,0
16.65,30.99,942.07,6.3,67.95,21.02,169.59,1
46.25,27.09,1429.67,7.02,77.23,22.32,146.78,1
36.4,29.69,901.63,6.93,66.87,24.21,137.18,1
18.82,29.64,2939.15,7.45,24.04,37.03,360.96,0
39.3,25.27,1107.18,6.37,63.95,19.09,164.44,1
43.93,25.69,1097.62,6.3,62.63,20.22,155.88,1
49.59,28.14,928.5,7.09,76.46,20.96,157.32,1
41.44,30.18,1056.6,6.45,65.64,18.87,160.62,1
67.02,10.55,3219.75,8.62,132.35,9.57,67.34,0
40.16,30.09,1945.43,6.18,55.82,20.44,173.13,1
13.25,40.94,3692.18,9.26,15.12,26.57,39.92,0
42.43,29.35,1194.51,5.73,58.78,21.7,165.02,1
67.72,12.29,2094.32,4.67,135.85,20.51,24.28,0
43.84,27.12,1642.32,6.23,70.22,22.23,162.47,1
36.33,28.05,873.68,6.23,79.1,15.61,173.55,1
25.92,24.65,1166.49,5.89,74.61,19.35,160.92,1
44.06,23.45,1291.82,6.02,70.99,19.68,147.94,1
41.16,29.32,1276.96,6.5,73.76,21.92,148.84,1
80.08,8.84,1396.1,3.0,132.02,10.1,35.99,0
36.35,30.05,1561.39,6.93,69.85,20.52,139.79,1
38.87,24.84,1433.89,6.96,57.49,22.06,178.72,1
38.37,30.11,1531.84,5.83,68.75,23.35,136.15,1
80.59,38.16,246.04,9.11,160.77,5.23,78.81,0
4.51,32.39,1671.2,9.99,131.56,6.72,332.71,0
34.42,23.7,1215.27,6.29,71.72,16.41,136.15,1
46.28,24.54,1263.24,6.23,96.49,21.57,168.84,1
44.88,32.29,1102.25,6.2,69.82,21.49,156.18,1
28.31,23.06,1702.99,5.98,80.7,26.5,168.3,1
54.89,27.89,1308.14,6.33,79.12,22.88,139.02,1
49.97,27.22,1434.26,6.47,87.06,15.92,188.96,1
68.21,36.23,4430.79,4.84,117.24,32.36,86.05,0
44.09,32.06,959.56,6.08,59.09,20.86,160.8,1
35.87,21.32,1333.54,7.38,65.36,23.92,148.72,1
41.51,27.89,630.72,6.09,85.34,20.02,148.82,1
35.84,22.49,702.23,6.65,77.86,19.01,159.78,1
31.81,31.54,1498.74,6.36,69.41,23.23,181.5,1
14.24,37.28,247.21,8.46,107.66,13.36,76.09,0
40.75,28.27,1356.04,6.64,71.1,21.6,163.15,1
41.64,25.1,1340.73,6.68,71.62,21.25,149.63,1
12.85,50.0,371.66,8.46,139.23,44.28,50.91,0
44.89,30.04,1251.97,6.62,49.72,18.56,176.16,1
9.67,14.93,2946.17,8.49,138.86,8.13,36.86,0
37.6,28.04,1027.08,6.6,71.09,15.84,153.71,1
13.62,37.33,3627.63,4.14,9.41,9.51,267.39,0
4.14,44.2,269.54,4.67,123.0,6.17,47.16,0
42.46,19.5,928.89,6.98,70.37,24.67,145.38,1
57.87,29.37,1292.38,7.08,62.27,19.7,164.19,1
67.94,15.08,4962.81,4.0,21.26,9.9,68.24,0
31.58,25.92,874.78,6.55,47.0,16.3,147.1,1
44.3,24.35,676.92,6.74,85.59,17.71,136.82,1
1.49,41.37,2934.31,8.81,12.76,5.65,84.79,0
8.8,44.51,2311.61,4.47,10.96,11.33,211.23,0
78.4,13.87,244.81,4.31,129.95,14.1,81.38,0
47.89,27.74,1023.71,5.64,65.13,20.47,137.2,1
5.74,8.23,4190.95,3.95,185.27,25.15,268.23,0
43.86,27.24,1260.18,6.68,72.34,18.02,153.82,1
58.54,28.84,883.85,6.18,72.15,16.76,137.44,1
42.06,29.63,1178.41,5.64,73.45,17.9,147.88,1
9.73,36.91,4716.22,8.39,132.56,8.8,96.47,0
16.15,6.2,2245.6,4.76,169.2,32.45,271.22,0
81.63,20.14,73.24,8.14,30.96,42.88,302.23,0
90.42,8.99,4412.92,3.53,120.67,5.97,81.55,0
26.55,24.62,1224.99,6.18,81.72,20.53,150.93,1
36.23,23.82,1067.26,5.94,50.91,20.74,174.08,1
44.27,26.66,1186.45,6.39,66.39,19.32,151.15,1
39.28,28.57,1244.25,5.74,58.39,20.01,161.35,1
70.41,17.47,129.63,4.16,21.74,10.97,262.66,0
38.3,26.53,1311.54,6.34,86.09,18.82,174.91,1
52.76,24.35,1302.7,6.59,81.66,14.37,138.55,1
13.26,14.24,342.96,7.81,7.77,29.44,40.33,0
34.15,29.4,1406.17,6.48,58.08,18.19,164.34,1
30.04,21.02,1509.54,7.03,87.71,17.18,164.82,1
37.7,26.33,1331.14,6.51,73.37,19.77,163.98,1
7.7,43.71,4138.77,8.98,18.23,47.1,77.76,0
48.13,24.56,1592.24,7.04,73.43,21.14,155.35,1
40.87,25.86,1431.19,6.17,84.61,19.47,147.76,1
64.4,5.04,61.34,8.92,149.68,5.26,72.87,0
46.89,24.88,1365.43,7.44,62.98,20.36,145.83,1
20.71,11.1,3795.06,7.86,18.48,31.88,325.04,0
6.38,38.13,3994.31,4.66,184.52,31.16,253.02,0
49.52,23.4,1401.16,6.53,79.81,19.42,167.1,1
47.72,27.03,967.23,6.19,47.81,21.97,163.18,1
40.22,27.08,1132.7,6.33,68.96,20.1,142.28,1
39.54,25.56,1738.22,6.3,61.83,18.45,157.15,1
35.63,27.04,790.05,5.8,78.05,15.17,145.35,1
27.4,27.84,923.3,5.72,70.67,20.96,185.56,1
47.44,28.56,1272.46,6.61,52.22,20.39,161.07,1
33.67,32.6,980.51,5.37,64.45,17.91,137.6,1
78.15,42.93,3315.25,4.89,154.08,46.8,291.48,0
34.63,23.33,1316.11,5.9,74.18,21.17,156.3,1
17.04,13.97,211.59,4.22,22.73,36.4,68.68,0
41.44,28.36,1130.5,7.33,42.53,21.96,170.69,1
46.99,30.9,1160.57,6.29,56.37,19.51,158.74,1
38.99,21.26,1088.27,6.18,82.34,20.38,180.74,1
40.45,20.24,1447.37,6.54,72.09,19.77,169.38,1
45.78,21.52,1425.75,6.62,66.88,17.79,170.41,1
31.58,25.85,713.22,6.6,69.1,17.71,151.72,1
40.77,28.25,1093.43,6.04,67.66,19.25,151.12,1
32.74,25.05,1618.15,5.65,71.0,19.23,177.98,1
46.87,27.87,621.89,7.11,59.64,18.04,162.34,1
32.94,31.61,1759.13,6.32,70.27,23.41,171.54,1
67.46,40.09,401.83,7.85,22.45,30.76,239.21,0
13.48,41.38,3836.07,7.97,12.2,43.86,47.11,0
6.46,45.97,116.64,8.45,106.59,11.05,60.34,0
77.5,39.69,326.49,4.28,147.98,33.96,324.38,0
44.31,29.66,1118.83,6.21,70.08,22.14,156.53,1
4.82,14.53,3643.52,8.78,19.62,4.63,57.2,0
9.13,43.52,122.85,3.88,28.93,33.02,325.02,0
73.51,10.15,3493.12,4.54,98.78,11.76,247.79,0
37.09,23.72,1512.43,6.61,77.49,17.94,172.45,1
35.64,34.06,1349.04,6.39,81.26,18.53,166.96,1
37.47,32.07,1332.1,7.06,68.77,23.05,160.78,1
40.94,21.53,1296.26,6.64,69.5,21.09,158.15,1
51.44,18.59,1735.21,6.92,78.23,20.39,144.7,1
53.66,24.73,1537.82,6.48,77.11,19.53,183.4,1
41.12,30.8,1498.0,6.77,106.14,22.72,150.63,1
34.82,23.89,1228.43,5.9,88.64,24.01,161.1,1
18.22,37.58,204.65,4.53,14.89,43.59,41.58,0
40.62,28.15,975.82,5.9,76.66,17.98,146.13,1
13.21,38.47,327.14,4.62,10.05,8.16,48.59,0
44.52,23.76,1334.3,6.46,66.85,19.65,179.7,1
81.0,46.92,250.08,4.51,29.05,11.86,93.63,0
40.88,24.35,836.71,5.88,51.56,21.67,122.65,1
76.02,9.18,148.98,8.25,144.82,33.32,43.76,0
10.86,50.0,298.18,4.19,123.32,28.8,35.15,0
38.32,29.41,1414.09,6.39,63.47,19.6,151.74,1
41.03,23.23,1152.46,6.39,83.92,18.26,156.33,1
75.83,33.38,2690.7,4.63,143.01,10.58,32.75,0
1.6,12.33,3118.24,8.37,108.13,5.08,72.19,0
41.9,23.64,1518.45,5.92,61.26,21.42,172.14,1
43.35,26.62,1365.09,6.45,62.38,17.59,124.22,1
38.73,26.75,1346.54,6.32,72.93,18.06,192.21,1
51.02,23.07,1025.01,6.16,52.21,17.66,161.55,1
35.01,36.07,1153.44,6.88,54.95,14.74,160.46,1
35.09,31.76,807.24,6.58,68.43,19.14,165.3,1
41.33,27.02,1063.39,6.5,76.36,18.1,142.04,1
10.18,13.69,3667.6,8.47,169.38,35.13,67.54,0
28.52,25.35,1846.54,6.59,83.84,17.68,152.71,1
37.82,29.12,1106.7,6.56,67.48,13.24,170.11,1
79.63,33.36,3691.69,9.08,29.28,30.63,42.41,0
76.11,37.58,355.36,4.39,158.48,8.56,83.15,0
73.05,10.79,3738.29,8.58,100.68,11.69,270.22,0
75.76,17.75,4359.07,8.84,129.37,31.46,234.04,0
83.58,46.58,232.4,9.7,123.57,8.48,57.6,0
33.66,32.29,1352.43,6.26,76.66,21.96,185.77,1
30.79,32.68,1175.84,6.45,84.52,19.77,182.41,1
20.06,12.05,133.7,8.18,19.74,5.13,52.78,0
43.98,32.18,1207.76,6.3,94.97,19.57,165.5,1
38.79,23.66,916.46,6.79,85.56,17.82,175.27,1
70.91,11.95,165.22,4.82,5.46,27.1,76.85,0
38.48,25.3,1468.25,5.62,61.2,18.19,177.81,1
77.12,41.2,362.86,4.62,131.38,6.57,257.04,0
61.07,15.15,30.16,4.53,10.14,39.08,285.97,0
87.29,44.61,220.59,4.08,14.25,7.02,74.59,0
45.48,28.14,1362.58,6.34,67.87,20.19,147.36,1
44.69,26.19,1808.89,6.2,79.13,16.65,194.4,1
45.74,24.61,984.42,6.21,76.11,23.24,141.84,1
40.22,23.68,1187.93,6.21,75.82,17.37,148.02,1
45.71,20.39,1121.29,5.57,75.43,21.87,148.22,1
36.61,30.81,1348.62,6.37,84.08,17.98,168.33,1
13.29,38.85,301.21,3.92,150.23,10.41,69.38,0
42.66,26.62,1541.61,6.3,72.01,22.72,175.44,1
66.07,10.81,2215.65,8.9,132.95,25.71,261.02,0
51.45,29.01,1197.21,6.81,60.25,19.22,149.01,1
30.57,26.06,2102.55,7.27,70.05,19.67,166.69,1
13.77,43.29,0.0,8.74,41.45,38.15,30.86,0
37.03,29.33,946.9,6.77,70.34,21.86,124.91,1
30.06,22.77,1208.87,6.42,81.95,20.14,148.11,1
46.02,24.25,1603.7,7.03,76.02,19.79,168.39,1
55.9,9.63,2108.47,7.76,120.85,4.1,230.36,0
43.93,28.22,917.42,6.37,68.57,15.58,181.43,1
61.62,12.96,4284.12,4.37,29.93,25.73,369.59,0
51.57,30.4,1056.1,6.07,67.68,19.74,165.19,1
34.56,24.41,1169.02,6.82,67.83,21.79,173.53,1
39.07,30.02,1318.88,6.4,68.57,19.85,164.2,1
33.28,29.6,969.57,7.06,75.12,17.94,172.93,1
74.83,34.29,2648.04,8.86,119.77,34.34,96.36,0
41.26,23.48,1368.11,6.44,29.41,20.83,143.87,1
31.09,28.8,1152.96,5.8,63.83,21.14,146.3,1
55.25,35.58,200.9,8.68,91.8,5.38,295.37,0
50.28,26.27,1081.53,6.76,70.97,19.55,159.34,1
11.97,9.64,161.47,4.5,34.32,13.68,186.64,0
13.52,35.15,66.81,8.31,6.51,30.37,44.82,0
74.79,16.33,2811.48,3.96,153.41,37.48,285.4,0
78.72,11.39,3209.04,4.86,124.34,11.32,365.23,0
28.64,25.36,1608.56,6.02,87.72,17.33,172.74,1
78.87,13.7,2553.58,9.1,117.42,4.47,290.38,0
6.52,14.8,3362.85,4.85,130.38,7.87,86.43,0
32.43,23.16,1850.99,6.37,62.05,19.6,155.25,1
50.97,29.64,1111.02,6.77,70.64,20.07,147.6,1
37.79,26.73,1221.57,5.84,88.63,20.61,142.55,1
25.53,29.18,1191.5,6.44,83.98,19.13,152.32,1
69.84,44.24,242.76,8.28,43.46,39.21,249.98,0
80.86,12.67,22.7,4.99,3.83,33.32,329.75,0
37.4,25.06,1314.91,6.86,70.38,20.01,126.53,1
49.27,25.39,1187.28,6.2,73.03,17.15,131.65,1
33.33,25.37,1699.25,6.78,50.34,19.71,170.82,1
61.25,5.99,162.09,7.95,18.97,12.59,72.0,0
31.24,24.53,1282.04,6.87,84.49,16.99,133.35,1
40.24,25.56,707.68,7.02,72.63,22.39,153.19,1
40.64,28.83,1381.04,6.16,96.99,17.62,171.02,1
100.0,14.42,4032.39,7.61,26.31,11.42,51.2,0
14.41,40.32,159.19,4.33,11.17,39.78,53.3,0
12.04,46.23,3155.25,7.68,118.25,6.29,252.79,0
44.07,21.82,1333.29,6.85,74.66,19.88,181.16,1
6.45,30.36,3926.83,9.95,25.86,8.1,274.48,0
60.55,42.53,4742.62,9.28,27.69,32.89,284.4,0
84.24,37.41,160.98,4.75,174.35,22.96,61.98,0
37.1,27.3,1285.77,6.18,59.17,20.48,147.48,1
3.56,38.5,296.31,4.5,18.62,32.29,93.71,0
69.99,44.83,360.76,4.48,20.01,36.72,58.22,0
34.45,31.59,739.85,6.25,68.35,17.08,164.2,1
80.36,48.78,105.65,4.69,139.42,6.5,291.34,0
3.88,16.05,349.68,3.75,19.82,30.22,59.29,0
97.6,10.68,326.72,8.81,39.99,10.58,49.99,0
16.05,39.82,3043.08,3.31,28.8,31.77,26.53,0
19.46,37.9,2693.54,8.94,7.68,41.28,295.25,0
31.14,25.44,1345.56,5.73,63.95,21.78,153.59,1
47.42,20.73,1042.03,6.21,39.62,21.42,156.31,1
39.21,27.73,1344.67,6.71,53.04,19.31,176.13,1
39.43,26.9,1024.06,6.27,86.53,25.02,183.88,1
30.74,26.17,1153.19,6.18,47.47,24.07,160.31,1
14.91,39.0,1956.47,4.76,139.67,6.06,66.32,0
45.39,23.45,847.35,6.61,71.95,18.16,165.33,1
19.25,42.65,412.85,4.07,0.0,3.2,282.98,0
66.31,44.84,2988.5,8.11,11.06,11.98,177.17,0
37.37,29.1,1003.73,6.57,63.08,21.68,143.38,1
41.41,28.85,865.84,6.35,60.4,20.82,152.08,1
44.81,20.5,1608.87,6.02,79.45,22.92,145.24,1
34.79,27.63,521.46,6.67,76.07,19.87,165.93,1
7.18,34.7,343.09,4.57,22.17,4.72,230.11,0
39.39,27.29,1815.49,6.22,67.69,22.53,163.99,1
33.37,25.45,1693.03,6.21,70.8,13.44,137.77,1
72.96,34.19,3844.06,4.17,151.94,45.2,266.02,0
4.72,18.92,4420.1,4.82,22.29,11.32,63.54,0
36.09,25.35,857.53,6.87,73.74,23.4,157.09,1
40.21,17.2,1327.36,6.65,83.51,18.12,185.24,1
8.45,47.34,306.17,7.51,10.36,24.65,301.11,0
9.77,38.25,2997.53,8.5,151.47,9.02,249.0,0
30.89,27.76,954.44,6.68,72.03,20.34,165.84,1
11.04,46.05,274.2,8.48,170.61,42.94,72.87,0
52.7,29.61,1072.17,5.8,92.42,17.9,162.19,1
9.42,40.59,112.1,4.4,0.0,34.32,307.23,0
38.47,22.61,901.89,7.27,62.47,21.53,162.44,1
29.65,26.0,1076.33,6.66,37.62,19.24,169.43,1
41.67,24.67,1031.13,6.53,86.44,24.47,154.02,1
40.52,27.96,1948.77,5.76,75.34,23.04,163.19,1
40.46,31.79,966.15,7.17,67.3,23.81,159.92,1
38.97,23.5,626.83,6.73,79.22,17.12,182.15,1
30.33,24.27,1650.52,5.86,95.7,18.29,156.07,1
14.8,13.45,218.09,4.49,16.46,6.6,34.62,0
37.43,23.22,1538.49,6.47,70.58,19.03,139.26,1
61.32,41.89,143.9,8.46,7.03,12.17,321.58,0
32.38,25.97,1173.68,6.11,81.71,22.15,160.35,1
17.66,12.86,171.98,4.37,112.08,9.58,25.63,0
42.69,32.61,973.97,6.99,76.5,16.74,154.5,1
42.16,30.33,1501.97,6.61,66.38,20.11,146.35,1
34.99,22.98,1170.61,6.02,68.24,22.76,131.14,1
39.85,27.72,1289.45,6.88,67.43,22.71,157.7,1
17.09,37.28,2348.16,3.96,29.8,51.04,43.48,0
44.75,28.43,1067.62,6.17,70.9,15.27,155.39,1
84.03,36.89,4327.76,4.95,119.74,28.91,295.05,0
32.63,24.44,939.9,5.74,67.95,22.24,171.64,1
33.08,25.08,1294.91,7.06,65.02,21.04,177.53,1
100.0,41.68,66.09,4.86,16.62,29.05,306.63,0
45.65,27.87,1514.32,6.2,87.08,19.4,129.27,1
37.03,25.58,1170.89,6.72,56.7,20.06,163.69,1
42.77,23.1,1419.35,6.45,46.59,21.74,162.62,1
17.98,45.29,305.68,7.95,110.45,5.49,221.21,0
39.58,28.55,887.47,6.05,66.04,19.74,171.46,1
35.61,30.88,935.8,6.35,67.78,12.79,163.36,1
74.86,39.69,239.98,8.54,145.41,30.54,315.1,0
36.37,27.69,406.38,6.83,80.75,18.73,149.42,1
78.86,38.91,239.51,9.12,127.0,41.42,82.35,0
72.88,50.0,2942.17,8.7,33.84,8.02,247.84,0
34.64,26.07,941.08,7.26,43.37,21.05,161.85,1
41.02,29.99,1060.27,6.57,72.73,17.38,179.15,1
36.88,25.39,931.3,6.0,82.74,21.99,151.12,1
40.93,31.9,1727.93,5.58,73.0,11.97,171.93,1
47.83,24.98,1182.97,6.24,71.39,15.62,164.73,1
46.51,26.1,991.69,5.89,47.63,23.28,153.13,1
42.37,23.81,1743.06,6.56,66.44,19.24,160.03,1
50.96,28.67,1684.82,6.43,73.59,19.25,140.64,1
48.43,34.75,1247.36,6.34,69.3,19.01,147.72,1
9.27,42.81,177.35,8.87,126.77,43.87,62.41,0
4.75,13.01,4107.3,4.84,177.03,31.65,290.45,0
48.61,25.06,1078.89,6.51,81.58,20.62,161.55,1
34.35,29.87,929.5,6.92,82.83,20.72,147.9,1
43.93,26.35,1417.78,6.87,54.91,22.74,159.13,1
71.7,14.36,4177.56,4.53,158.86,7.78,28.42,0
44.94,23.16,990.87,6.1,47.46,21.3,158.09,1
51.28,27.67,1427.83,7.14,74.06,22.46,154.31,1
13.61,15.49,4276.92,4.51,9.36,9.44,51.12,0
42.4,26.99,1150.93,6.1,94.71,18.98,137.16,1
33.63,21.08,965.39,5.82,70.7,22.24,141.09,1
41.8,26.9,1494.17,6.83,47.77,20.29,152.79,1
40.79,31.79,1357.33,6.46,71.78,16.95,164.59,1
26.06,27.41,1052.16,7.01,77.63,19.33,151.92,1
42.83,23.6,1198.45,6.32,75.22,21.38,173.37,1
42.44,27.91,1254.88,6.83,89.31,22.14,157.1,1
8.37,10.22,202.16,8.09,30.81,38.39,91.76,0
44.09,27.3,1259.1,6.29,80.61,18.53,149.87,1
9.34,49.39,5086.59,8.2,16.19,11.0,286.39,0
12.8,12.47,2171.62,8.71,6.14,46.39,284.43,0
43.78,24.97,1232.72,6.2,90.19,20.44,153.91,1
44.94,31.94,1089.57,6.74,57.77,27.33,161.5,1
45.63,27.28,1223.78,5.68,80.11,19.83,152.99,1
55.81,26.71,1669.99,6.96,51.24,16.62,149.83,1
29.19,27.25,757.04,6.52,67.17,25.49,160.43,1
41.31,18.06,1378.16,7.41,82.31,23.14,161.42,1
46.39,28.41,1417.78,6.29,62.28,19.83,168.37,1
38.64,19.66,1213.23,7.18,62.51,19.28,169.93,1
46.96,26.99,1307.58,6.27,81.33,24.24,150.58,1
74.09,38.43,3858.25,4.15,133.27,36.6,63.14,0
30.02,21.44,1007.6,6.91,65.98,18.68,151.79,1
39.04,26.84,1762.61,6.46,60.93,19.32,161.93,1
69.99,35.13,163.11,3.77,29.42,45.38,14.9,0
62.0,42.74,4092.69,4.11,23.01,4.46,34.93,0
94.71,37.37,188.16,9.53,30.17,43.79,301.56,0
35.77,31.36,1668.21,6.68,66.25,17.91,130.08,1
65.64,35.26,4783.76,8.52,20.51,7.53,64.62,0
39.84,34.34,1209.81,5.79,57.88,21.76,149.16,1
30.18,22.68,1333.35,7.44,84.96,19.38,123.71,1
10.41,15.77,258.78,8.15,19.49,6.14,69.64,0
77.03,36.24,149.27,4.26,135.54,7.22,57.35,0
36.6,27.12,1198.22,6.97,75.85,18.16,174.96,1
59.01,11.29,3807.88,7.93,12.2,26.19,320.48,0
43.51,31.17,1213.69,6.2,68.85,15.7,177.86,1
8.26,38.1,3939.81,8.41,30.97,29.43,81.96,0
93.71,37.65,3036.51,4.34,129.19,7.91,302.32,0
45.33,25.14,1251.32,6.58,58.6,21.63,170.89,1
28.55,27.23,1644.0,7.34,76.07,16.6,168.57,1
12.77,41.48,81.44,4.37,153.49,37.36,197.11,0
58.94,40.2,3270.41,4.48,95.46,13.8,307.31,0
45.43,25.4,1469.7,6.99,77.99,21.38,158.27,1
34.17,20.72,846.1,6.74,60.52,21.82,184.82,1
45.4,29.39,1444.22,6.57,79.46,18.89,168.63,1
33.17,24.73,1152.09,6.35,83.76,13.21,156.79,1
69.01,38.48,3244.12,5.18,152.75,10.5,98.66,0
46.24,24.97,1980.17,6.22,89.44,22.44,177.86,1
68.98,43.68,36.35,8.5,31.8,4.3,238.41,0
41.41,33.56,749.05,6.88,75.83,18.76,160.36,1
85.52,39.18,4254.14,5.15,133.43,38.81,275.23,0
46.27,23.36,1031.4,5.74,83.53,20.28,142.97,1
77.89,17.86,155.15,5.4,166.81,7.4,357.89,0
38.88,24.71,1419.8,6.18,73.07,20.46,160.99,1
11.96,32.62,26.57,4.93,136.33,27.64,237.09,0
17.3,38.75,260.61,7.96,12.17,6.27,65.39,0
30.75,21.41,1599.9,6.74,78.68,19.24,171.44,1
73.47,11.12,207.35,8.34,18.65,35.49,312.62,0
67.09,9.36,3132.53,9.16,22.85,16.67,234.47,0
11.77,39.47,257.17,4.25,18.3,5.82,64.43,0
80.99,7.52,98.49,9.13,135.95,42.95,348.84,0
50.05,29.62,1668.91,6.96,80.01,21.52,182.29,1
71.24,44.03,269.08,9.19,13.3,39.85,271.52,0
29.12,23.44,1136.88,5.95,70.07,20.59,144.94,1
32.36,30.32,1160.3,6.48,54.25,24.7,163.34,1
13.29,11.24,45.85,5.55,115.2,6.19,35.15,0
10.66,13.27,196.31,8.16,8.73,9.03,9.31,0
48.46,24.38,917.04,6.2,60.52,18.73,156.23,1
10.88,43.6,3834.69,4.77,95.55,14.6,90.65,0
47.64,24.47,743.67,6.47,82.75,23.29,128.61,1
44.18,22.94,1530.4,6.01,70.07,21.81,144.87,1
78.94,43.3,368.36,8.69,8.27,8.26,245.99,0
60.8,35.33,376.0,4.68,18.59,4.75,248.25,0
3.88,48.83,1758.91,8.05,158.93,14.07,56.6,0
70.41,6.99,252.91,8.19,21.43,39.07,248.93,0
23.98,25.92,994.95,6.41,67.27,17.85,139.49,1
40.09,23.56,1199.75,5.94,85.97,17.94,199.49,1
43.19,27.99,1279.63,6.42,71.7,18.37,142.98,1
50.11,24.52,1441.22,7.03,68.34,18.29,144.5,1
37.95,20.44,1157.48,6.97,54.74,21.62,185.72,1
85.44,11.16,283.77,4.05,140.79,4.47,243.69,0
37.41,24.9,1271.62,7.05,72.31,21.32,155.54,1
8.56,11.88,4550.54,4.47,25.14,9.55,62.47,0
85.88,14.85,4018.07,8.59,12.58,42.02,262.14,0
42.63,28.04,661.75,6.52,74.98,19.79,165.37,1
81.95,35.67,3062.78,8.59,11.14,37.28,230.83,0
38.54,32.83,1447.47,6.53,61.74,17.34,157.0,1
75.85,8.09,3251.4,4.23,134.61,9.11,283.09,0
69.3,15.01,4600.73,9.04,13.93,7.2,66.83,0
35.02,24.74,1302.28,6.49,88.96,18.98,157.69,1
36.06,27.15,1742.38,7.14,71.11,18.52,155.96,1
2.67,40.37,4058.96,4.36,34.46,4.0,44.12,0
40.2,34.87,864.51,6.27,81.61,20.36,171.37,1
85.23,16.03,67.89,4.2,4.37,31.92,251.11,0
43.09,21.33,966.71,5.7,62.15,17.73,170.42,1
38.72,27.75,993.17,6.67,65.7,18.86,182.63,1
69.68,16.9,4492.38,8.76,29.57,12.63,30.5,0
85.26,39.38,190.45,9.01,160.2,32.77,88.48,0
51.65,27.43,1373.35,7.19,80.21,18.74,133.41,1
33.31,24.81,1057.96,6.43,61.14,21.14,169.55,1
37.49,28.3,671.81,7.12,79.02,20.76,166.37,1
42.71,29.37,1126.15,6.33,82.93,21.6,152.95,1
0.0,43.91,421.15,7.39,19.88,6.19,27.43,0
54.32,28.85,460.06,6.91,57.72,18.56,198.26,1
27.25,28.46,1733.15,6.83,89.28,19.44,150.86,1
40.81,23.77,1124.34,6.6,64.49,22.62,176.01,1
45.56,19.63,1313.17,6.52,72.56,19.78,166.48,1
35.98,32.38,1705.37,6.47,80.83,19.25,159.18,1
12.44,44.69,4135.93,4.65,119.12,10.28,112.17,0
46.91,25.84,629.05,6.48,58.02,14.51,168.72,1
50.69,28.24,648.95,6.31,83.91,24.86,154.53,1
46.49,17.93,1873.0,6.18,83.11,15.25,148.38,1
71.75,35.31,1896.28,4.33,18.24,13.16,264.07,0
73.54,43.39,4433.97,4.57,13.22,1.97,23.62,0
40.29,28.5,1494.47,6.69,92.59,22.5,153.2,1
39.13,24.57,1408.36,6.11,83.23,18.76,129.38,1
85.79,39.42,3925.14,8.72,29.39,5.94,247.47,0
28.05,29.52,1348.13,5.86,48.78,19.04,160.33,1
